Binding,Binding_Labels,Full_AA_Sequence,Count,CDRH3,Start_Idx,CDRH3_Length
Positive,1,AAGDYGALGQG,1,AAGDYGALGQG,0,11
Positive,1,AAGKHYTGSPTN,4,AAGKHYTGSPTN,0,12
Positive,1,AAPNYGGRHYS,6,AAPNYGGRHYS,0,11
Positive,1,AAPQSELAYNG,1,AAPQSELAYNG,0,11
Positive,1,AAQGSYEASGHNQ,3,AAQGSYEASGHNQ,0,13
Positive,1,AASVSGQEYLP,2,AASVSGQEYLP,0,11
Positive,1,AATDNT,1,AATDNT,0,6
Positive,1,AAYDYYSIGDYID,2,AAYDYYSIGDYID,0,13
Positive,1,ADDSISGGYQY,1,ADDSISGGYQY,0,11
Negative,0,ADF,1,ADF,0,3
Positive,1,ADGAYLDSYEYYH,5,ADGAYLDSYEYYH,0,13
Positive,1,ADGHDKSYKGHTQKA,2,ADGHDKSYKGHTQKA,0,15
Positive,1,ADGHDKSYKGRTAY,3,ADGHDKSYKGRTAY,0,14
Positive,1,ADGNRFLDAH,2,ADGNRFLDAH,0,10
Positive,1,ADGQTYGYY,1,ADGQTYGYY,0,9
Positive,1,ADGTGGSQ,2,ADGTGGSQ,0,8
Positive,1,ADGYGH,3,ADGYGH,0,6
Negative,0,ADHS,2,ADHS,0,4
Positive,1,ADKPTGYGSNL,2,ADKPTGYGSNL,0,11
Positive,1,ADKYRY,3,ADKYRY,0,6
Positive,1,ADLGISADPYS,2,ADLGISADPYS,0,11
Positive,1,ADLNGYDDGPD,3,ADLNGYDDGPD,0,11
Positive,1,ADMYGHYSYR,2,ADMYGHYSYR,0,10
Positive,1,ADMYGKQQGA,4,ADMYGKQQGA,0,10
Positive,1,ADNYYPY,1,ADNYYPY,0,7
Positive,1,ADQGEEL,2,ADQGEEL,0,7
Positive,1,ADQPFDD,1,ADQPFDD,0,7
Positive,1,ADSLDASQA,2,ADSLDASQA,0,9
Positive,1,ADVGVSYYPY,2,ADVGVSYYPY,0,10
Positive,1,ADVPYGG,1,ADVPYGG,0,7
Negative,0,ADY,5,ADY,0,3
Positive,1,ADYGVG,3,ADYGVG,0,6
Positive,1,ADYRGAVEGVLG,1,ADYRGAVEGVLG,0,12
Positive,1,ADYSASASDPTS,2,ADYSASASDPTS,0,12
Positive,1,AEDRSG,1,AEDRSG,0,6
Positive,1,AEDSPQ,1,AEDSPQ,0,6
Positive,1,AEDSSG,1,AEDSSG,0,6
Positive,1,AEDYGG,1,AEDYGG,0,6
Positive,1,AEDYGSGGRSV,1,AEDYGSGGRSV,0,11
Positive,1,AEDYMAA,1,AEDYMAA,0,7
Positive,1,AEDYNG,1,AEDYNG,0,6
Positive,1,AEDYNSPSYPYGS,1,AEDYNSPSYPYGS,0,13
Positive,1,AEDYRGAVEGVLG,1,AEDYRGAVEGVLG,0,13
Positive,1,AEDYTYQ,1,AEDYTYQ,0,7
Positive,1,AEDYVDYGDYHTTY,1,AEDYVDYGDYHTTY,0,14
Positive,1,AEDYYK,1,AEDYYK,0,6
Positive,1,AEDYYRAISPK,1,AEDYYRAISPK,0,11
Positive,1,AEDYYSE,1,AEDYYSE,0,7
Positive,1,AEDYYSL,1,AEDYYSL,0,7
Positive,1,AEDYYSP,1,AEDYYSP,0,7
Positive,1,AEDYYSPSGL,1,AEDYYSPSGL,0,10
Positive,1,AEDYYSPSY,2,AEDYYSPSY,0,9
Positive,1,AEDYYSPSYP,1,AEDYYSPSYP,0,10
Positive,1,AEDYYSPSYPCGS,1,AEDYYSPSYPCGS,0,13
Positive,1,AEDYYSPSYPNGS,1,AEDYYSPSYPNGS,0,13
Positive,1,AEDYYSPSYPY,1,AEDYYSPSYPY,0,11
Positive,1,AEDYYSPSYPYGP,1,AEDYYSPSYPYGP,0,13
Positive,1,AEDYYSPSYPYGS,1060,AEDYYSPSYPYGS,0,13
Positive,1,AEDYYSPSYPYGT,1,AEDYYSPSYPYGT,0,13
Positive,1,AEDYYSPSYPYGYLGL,1,AEDYYSPSYPYGYLGL,0,16
Positive,1,AEDYYSPSYPYSS,1,AEDYYSPSYPYSS,0,13
Positive,1,AEDYYSPSYPYVY,1,AEDYYSPSYPYVY,0,13
Positive,1,AEDYYSPYYPYGS,1,AEDYYSPYYPYGS,0,13
Positive,1,AEDYYSTSYPYGS,2,AEDYYSTSYPYGS,0,13
Positive,1,AEDYYTGGYK,1,AEDYYTGGYK,0,10
Positive,1,AEDYYYPSYPYGS,1,AEDYYYPSYPYGS,0,13
Positive,1,AEEYYTPSYPYGS,1,AEEYYTPSYPYGS,0,13
Positive,1,AEGGSIQHYLR,3,AEGGSIQHYLR,0,11
Positive,1,AEGYYSPSYPYGS,1,AEGYYSPSYPYGS,0,13
Negative,0,AEHS,2132,AEHS,0,4
Negative,0,AEHY,1,AEHY,0,4
Negative,0,AEKS,1,AEKS,0,4
Positive,1,AELYGAKTQTF,1,AELYGAKTQTF,0,11
Positive,1,AELYSQKSQQA,42,AELYSQKSQQA,0,11
Positive,1,AELYSQNSA,1,AELYSQNSA,0,9
Negative,0,AENS,4,AENS,0,4
Negative,0,AEQS,1,AEQS,0,4
Positive,1,AEYGGGADYSYRTGYL,1,AEYGGGADYSYRTGYL,0,16
Positive,1,AEYGGLD,218,AEYGGLD,0,7
Positive,1,AEYGGLDSYG,1,AEYGGLDSYG,0,10
Positive,1,AEYGGLDY,1,AEYGGLDY,0,8
Positive,1,AEYGGLG,2,AEYGGLG,0,7
Positive,1,AEYGTP,1,AEYGTP,0,6
Positive,1,AEYKYGKHYPLH,71,AEYKYGKHYPLH,0,12
Positive,1,AFGAHYQGMAY,5,AFGAHYQGMAY,0,11
Positive,1,AFGGRHL,2,AFGGRHL,0,7
Positive,1,AFTLRSTRYPAY,2,AFTLRSTRYPAY,0,12
Positive,1,AFVGSPHARYPL,5,AFVGSPHARYPL,0,12
Positive,1,AGADPYK,1,AGADPYK,0,7
Positive,1,AGAGAEQDMTDT,3,AGAGAEQDMTDT,0,12
Positive,1,AGAPSGYSS,2,AGAPSGYSS,0,9
Positive,1,AGARAIDD,2,AGARAIDD,0,8
Positive,1,AGASGETYEYP,3,AGASGETYEYP,0,11
Positive,1,AGDGLLPYHNYY,1,AGDGLLPYHNYY,0,12
Positive,1,AGGDYGY,3,AGGDYGY,0,7
Positive,1,AGGGEN,2,AGGGEN,0,6
Positive,1,AGGYGSGGRSV,1,AGGYGSGGRSV,0,11
Positive,1,AGGYHTYGYYSLT,1,AGGYHTYGYYSLT,0,13
Positive,1,AGHTEGTP,2,AGHTEGTP,0,8
Positive,1,AGKYHAYAAYGAT,27,AGKYHAYAAYGAT,0,13
Positive,1,AGLAGLYGLEG,2,AGLAGLYGLEG,0,11
Positive,1,AGNGPPF,5,AGNGPPF,0,7
Positive,1,AGPGGSDSDYA,2,AGPGGSDSDYA,0,11
Positive,1,AGPQDDA,1,AGPQDDA,0,7
Positive,1,AGQAGGGT,2,AGQAGGGT,0,8
Positive,1,AGQQRGGYSY,2,AGQQRGGYSY,0,10
Positive,1,AGRFNDGTQP,1,AGRFNDGTQP,0,10
Positive,1,AGRHGGS,27,AGRHGGS,0,7
Positive,1,AGTGVHRFHAY,19,AGTGVHRFHAY,0,11
Positive,1,AGVDDN,1,AGVDDN,0,6
Positive,1,AGYASIYYDEQSGGSG,1,AGYASIYYDEQSGGSG,0,16
Positive,1,AGYASIYYYGY,2,AGYASIYYYGY,0,11
Positive,1,AGYLDDYDYTLA,1,AGYLDDYDYTLA,0,12
Positive,1,AGYLPPYRAILTKG,1,AGYLPPYRAILTKG,0,14
Positive,1,AGYPGQPYPYSGGQ,2,AGYPGQPYPYSGGQ,0,14
Positive,1,AGYTEYQLQPYE,1,AGYTEYQLQPYE,0,12
Positive,1,AIDTEM,1,AIDTEM,0,6
Positive,1,AIQARHVYPLK,3,AIQARHVYPLK,0,11
Positive,1,AKLYTGYS,1,AKLYTGYS,0,8
Positive,1,AKNGAIYGQK,1,AKNGAIYGQK,0,10
Positive,1,AKTGAIYGPK,5,AKTGAIYGPK,0,10
Positive,1,AKTGAKTQTF,1,AKTGAKTQTF,0,10
Positive,1,AKTQTF,1,AKTQTF,0,6
Positive,1,ALDLDYSGYGGR,1,ALDLDYSGYGGR,0,12
Positive,1,ALISHMIL,24,ALISHMIL,0,8
Positive,1,ALLGHY,14,ALLGHY,0,6
Positive,1,AMYSALG,7,AMYSALG,0,7
Positive,1,ANGFLDDPSK,1,ANGFLDDPSK,0,10
Positive,1,ANGSNPGPRQ,3,ANGSNPGPRQ,0,10
Positive,1,ANHYDN,18,ANHYDN,0,6
Positive,1,ANLLSGG,4,ANLLSGG,0,7
Positive,1,ANPGGSE,3,ANPGGSE,0,7
Positive,1,ANSQQD,6,ANSQQD,0,6
Positive,1,APHFRPV,7,APHFRPV,0,7
Positive,1,APPYTDYYSLA,2,APPYTDYYSLA,0,11
Positive,1,APQSAD,1,APQSAD,0,6
Negative,0,AQHS,1,AQHS,0,4
Positive,1,ARVYPG,2,ARVYPG,0,6
Positive,1,ARYYAGGYA,20,ARYYAGGYA,0,9
Positive,1,ASAAPPRYQ,1,ASAAPPRYQ,0,9
Positive,1,ASASQPRID,4,ASASQPRID,0,9
Positive,1,ASASQQRRDVSY,1,ASASQQRRDVSY,0,12
Positive,1,ASDAPEYK,2,ASDAPEYK,0,8
Positive,1,ASGLPRY,4,ASGLPRY,0,7
Positive,1,ASGYAAN,4,ASGYAAN,0,7
Positive,1,ASGYFGH,1,ASGYFGH,0,7
Positive,1,ASLPYYYGYSGHY,1,ASLPYYYGYSGHY,0,13
Positive,1,ASLSGGLATL,7,ASLSGGLATL,0,10
Negative,0,ASLYSS,2,ASLYSS,0,6
Positive,1,ASNAGGGYGS,4,ASNAGGGYGS,0,10
Positive,1,ASSLEG,3,ASSLEG,0,6
Positive,1,ASSLYGKLKGG,1,ASSLYGKLKGG,0,11
Positive,1,ASTNSYSYGYGS,1,ASTNSYSYGYGS,0,12
Negative,0,ASY,1,ASY,0,3
Positive,1,ASYDGKLD,1,ASYDGKLD,0,8
Positive,1,ASYIYQAL,12,ASYIYQAL,0,8
Positive,1,ASYKRH,1,ASYKRH,0,6
Negative,0,ASYPHTTPY,1,ASYPHTTPY,0,9
Positive,1,ASYPRHQTGDYGSLY,19,ASYPRHQTGDYGSLY,0,15
Positive,1,ASYPRHQTGVPYL,1,ASYPRHQTGVPYL,0,13
Positive,1,ASYQRH,11,ASYQRH,0,6
Positive,1,ASYQSPYSTGNYSN,7,ASYQSPYSTGNYSN,0,14
Positive,1,ASYSDYSSY,1,ASYSDYSSY,0,9
Positive,1,ATAAASNPTTS,1,ATAAASNPTTS,0,11
Positive,1,ATDGPY,8,ATDGPY,0,6
Positive,1,ATDNHLL,1,ATDNHLL,0,7
Positive,1,ATKGYKSI,2,ATKGYKSI,0,8
Positive,1,ATLAYPYA,2,ATLAYPYA,0,8
Positive,1,ATLYFKYRLLEN,6,ATLYFKYRLLEN,0,12
Positive,1,ATPSAPL,1,ATPSAPL,0,7
Positive,1,ATPSLS,1,ATPSLS,0,6
Positive,1,ATRYSKM,11,ATRYSKM,0,7
Positive,1,ATSQDYPTD,1,ATSQDYPTD,0,9
Positive,1,ATSYYPS,1,ATSYYPS,0,7
Negative,0,ATTY,2,ATTY,0,4
Positive,1,ATYQGGPKGGQL,8,ATYQGGPKGGQL,0,12
Positive,1,ATYRYGYG,2,ATYRYGYG,0,8
Positive,1,AVTILSPPKYYPS,5,AVTILSPPKYYPS,0,13
Positive,1,AVYYCARAYD,1,AVYYCARAYD,0,10
Positive,1,AVYYCARESEGDLGT,1,AVYYCARESEGDLGT,0,15
Positive,1,AVYYCARGGDKQY,1,AVYYCARGGDKQY,0,13
Positive,1,AVYYCARKDHDD,11,AVYYCARKDHDD,0,12
Positive,1,AVYYCARKYGPYLG,1,AVYYCARKYGPYLG,0,14
Positive,1,AVYYCARPYYGGDPDY,1,AVYYCARPYYGGDPDY,0,16
Positive,1,AVYYCARSGGPQG,1,AVYYCARSGGPQG,0,13
Negative,0,AYDD,1,AYDD,0,4
Positive,1,AYDGSYSP,1,AYDGSYSP,0,8
Positive,1,AYDHGASPSLDLSK,1,AYDHGASPSLDLSK,0,14
Negative,0,AYESNYD,3,AYESNYD,0,7
Positive,1,AYFYYYVLYYLG,1,AYFYYYVLYYLG,0,12
Positive,1,AYGNYGFKGDSPG,1,AYGNYGFKGDSPG,0,13
Positive,1,AYGTRG,1,AYGTRG,0,6
Negative,0,AYH,1,AYH,0,3
Positive,1,AYHLDGAS,1,AYHLDGAS,0,8
Positive,1,AYKTDYSGSVYGD,1,AYKTDYSGSVYGD,0,13
Positive,1,AYKYYAD,5,AYKYYAD,0,7
Positive,1,AYLSGPN,2,AYLSGPN,0,7
Positive,1,AYLYLGGQGSE,1,AYLYLGGQGSE,0,11
Negative,0,AYN,3,AYN,0,3
Positive,1,AYPQATG,1,AYPQATG,0,7
Positive,1,AYPSYR,10,AYPSYR,0,6
Positive,1,AYPYYVRHL,4,AYPYYVRHL,0,9
Positive,1,AYQVLA,1,AYQVLA,0,6
Negative,0,AYS,2,AYS,0,3
Positive,1,AYSFKYKATSGIH,6,AYSFKYKATSGIH,0,13
Positive,1,AYSSSNTSSPDA,6,AYSSSNTSSPDA,0,12
Positive,1,AYSTGSYKSYP,2,AYSTGSYKSYP,0,11
Positive,1,AYSYRLDYSGPG,3,AYSYRLDYSGPG,0,12
Positive,1,AYTDDHARK,3,AYTDDHARK,0,9
Positive,1,AYTGYD,5,AYTGYD,0,6
Positive,1,AYTIDYSNVGE,5,AYTIDYSNVGE,0,11
Positive,1,AYTSYTQPFKY,1,AYTSYTQPFKY,0,11
Positive,1,AYTSYTQPFQY,21,AYTSYTQPFQY,0,11
Positive,1,AYTVHYHGSYY,29,AYTVHYHGSYY,0,11
Negative,0,AYY,5049,AYY,0,3
Negative,0,AYYDLY,2,AYYDLY,0,6
Positive,1,AYYESRG,2,AYYESRG,0,7
Negative,0,AYYFDYAS,1,AYYFDYAS,0,8
Positive,1,AYYGVG,2,AYYGVG,0,6
Positive,1,AYYPTGHYY,1,AYYPTGHYY,0,9
Positive,1,AYYQPSYL,1,AYYQPSYL,0,8
Positive,1,AYYRFYNTNYYQ,3,AYYRFYNTNYYQ,0,12
Negative,0,AYYS,1,AYYS,0,4
Positive,1,AYYYLGHY,1,AYYYLGHY,0,8
Positive,1,AYYYPGRS,3,AYYYPGRS,0,8
Negative,0,CDYAS,3,CDYAS,0,5
Negative,0,CFPFYDLY,1,CFPFYDLY,0,8
Positive,1,CYGSESEGAV,2,CYGSESEGAV,0,10
Positive,1,DADDYPGF,4,DADDYPGF,0,8
Positive,1,DADYIIYCYYL,1,DADYIIYCYYL,0,11
Positive,1,DADYIIYGYYL,27,DADYIIYGYYL,0,11
Positive,1,DADYIIYGYYPNS,1,DADYIIYGYYPNS,0,13
Positive,1,DAESSVGENSA,1,DAESSVGENSA,0,11
Positive,1,DAGAYMGQA,2,DAGAYMGQA,0,9
Positive,1,DAGTTANTYSSDYSD,5,DAGTTANTYSSDYSD,0,15
Positive,1,DAKMSQ,2,DAKMSQ,0,6
Positive,1,DAKVYTQDGSGA,2,DAKVYTQDGSGA,0,12
Positive,1,DAVSTDDDEDYNA,10,DAVSTDDDEDYNA,0,13
Positive,1,DAYFADDGLYYQ,2,DAYFADDGLYYQ,0,12
Positive,1,DAYGYAGMPGD,1,DAYGYAGMPGD,0,11
Positive,1,DAYHQSVYK,2,DAYHQSVYK,0,9
Positive,1,DAYLGSSSFPSA,6,DAYLGSSSFPSA,0,12
Positive,1,DAYRHV,1,DAYRHV,0,6
Positive,1,DAYYDPTYYQA,1,DAYYDPTYYQA,0,11
Positive,1,DDATDADK,2,DDATDADK,0,8
Positive,1,DDDPYEQERYN,1,DDDPYEQERYN,0,11
Positive,1,DDDQGGDYSEQG,1,DDDQGGDYSEQG,0,12
Positive,1,DDDSQSD,1,DDDSQSD,0,7
Positive,1,DDGDTSY,4,DDGDTSY,0,7
Positive,1,DDGGGGH,3,DDGGGGH,0,7
Positive,1,DDQTIGADL,1,DDQTIGADL,0,9
Positive,1,DDSAGDFS,2,DDSAGDFS,0,8
Positive,1,DDSSGYT,6,DDSSGYT,0,7
Positive,1,DDSYASNHGGDCD,1,DDSYASNHGGDCD,0,13
Positive,1,DDSYASNHGGDGD,26,DDSYASNHGGDGD,0,13
Positive,1,DDSYYGK,1,DDSYYGK,0,7
Positive,1,DDYHTYHAAS,1,DDYHTYHAAS,0,10
Positive,1,DDYQTALDPSG,1,DDYQTALDPSG,0,11
Positive,1,DDYYYGPGYL,1,DDYYYGPGYL,0,10
Positive,1,DEDAFYT,3,DEDAFYT,0,7
Positive,1,DEEMDDQ,2,DEEMDDQ,0,7
Positive,1,DEGYSDDD,1,DEGYSDDD,0,8
Positive,1,DELGGSTYGE,2,DELGGSTYGE,0,10
Positive,1,DFEGYGDGG,2,DFEGYGDGG,0,9
Positive,1,DFGHGHDSTA,6,DFGHGHDSTA,0,10
Positive,1,DFYYKTRSPND,4,DFYYKTRSPND,0,11
Positive,1,DGAAYDY,1,DGAAYDY,0,7
Positive,1,DGDDRHK,1,DGDDRHK,0,7
Positive,1,DGDSSQD,1,DGDSSQD,0,7
Positive,1,DGELAGYG,5,DGELAGYG,0,8
Positive,1,DGGAYA,32,DGGAYA,0,6
Positive,1,DGGGADYSYRTGYL,1,DGGGADYSYRTGYL,0,14
Positive,1,DGGMSPLVQYY,2,DGGMSPLVQYY,0,11
Positive,1,DGGPGYGADVEES,2,DGGPGYGADVEES,0,13
Positive,1,DGGVKKATDSG,2,DGGVKKATDSG,0,11
Positive,1,DGGYGSGGRSV,9,DGGYGSGGRSV,0,11
Positive,1,DGLGGDLIYL,4,DGLGGDLIYL,0,10
Positive,1,DGMAGDGISSSDY,5,DGMAGDGISSSDY,0,13
Positive,1,DGNESGA,129,DGNESGA,0,7
Positive,1,DGNESGAFKHGLPTYT,2,DGNESGAFKHGLPTYT,0,16
Positive,1,DGNESGE,1,DGNESGE,0,7
Positive,1,DGRYPG,4,DGRYPG,0,6
Positive,1,DGSGSASNLYYYL,1,DGSGSASNLYYYL,0,13
Positive,1,DGSGSASTYDF,1,DGSGSASTYDF,0,11
Positive,1,DGSIPYAYDLY,9,DGSIPYAYDLY,0,11
Positive,1,DGSNGP,3,DGSNGP,0,6
Positive,1,DGSYSEG,2,DGSYSEG,0,7
Positive,1,DGTRYYGA,2,DGTRYYGA,0,8
Positive,1,DGVSVAGYSSS,1,DGVSVAGYSSS,0,11
Positive,1,DGYDSQ,2,DGYDSQ,0,6
Positive,1,DGYIPYAYDLY,1,DGYIPYAYDLY,0,11
Positive,1,DGYRGQFQVNDY,1,DGYRGQFQVNDY,0,12
Positive,1,DGYSYSSYYYPS,1,DGYSYSSYYYPS,0,12
Positive,1,DGYYKYRDK,2,DGYYKYRDK,0,9
Positive,1,DGYYSYFIY,4,DGYYSYFIY,0,9
Positive,1,DHDGGSI,5,DHDGGSI,0,7
Positive,1,DHDPPD,2,DHDPPD,0,6
Positive,1,DHLPKHM,1,DHLPKHM,0,7
Positive,1,DHQYDNLSSSGA,2,DHQYDNLSSSGA,0,12
Positive,1,DHSYYYLG,6,DHSYYYLG,0,8
Positive,1,DHYTPAL,1,DHYTPAL,0,7
Positive,1,DIYSYDDIDY,1,DIYSYDDIDY,0,10
Positive,1,DKAQREV,1,DKAQREV,0,7
Positive,1,DKGAARS,1,DKGAARS,0,7
Positive,1,DKGTTIADNAD,1,DKGTTIADNAD,0,11
Positive,1,DKYAKLPKYY,14,DKYAKLPKYY,0,10
Positive,1,DLMSDY,1,DLMSDY,0,6
Positive,1,DLPYTDG,1,DLPYTDG,0,7
Positive,1,DLSSSGEA,1,DLSSSGEA,0,8
Positive,1,DLVEDYEVQY,1,DLVEDYEVQY,0,10
Positive,1,DNSDSYTADLSFG,1,DNSDSYTADLSFG,0,13
Positive,1,DNSGPKPS,1,DNSGPKPS,0,8
Positive,1,DPAEDG,1,DPAEDG,0,6
Positive,1,DPAPYEDYLL,1,DPAPYEDYLL,0,10
Positive,1,DPGSGLYIGFYG,1,DPGSGLYIGFYG,0,12
Positive,1,DPGYYS,2,DPGYYS,0,6
Positive,1,DPHLKY,1,DPHLKY,0,6
Positive,1,DPHYTRLHRGGFH,33,DPHYTRLHRGGFH,0,13
Positive,1,DPLQYNGYPTNY,1,DPLQYNGYPTNY,0,12
Positive,1,DPQQSIYGD,1,DPQQSIYGD,0,9
Positive,1,DPSYDESG,2,DPSYDESG,0,8
Positive,1,DPTPSA,2,DPTPSA,0,6
Positive,1,DPYSSFTDAAN,2,DPYSSFTDAAN,0,11
Positive,1,DQANDPE,1,DQANDPE,0,7
Positive,1,DQATTYEAGSTD,4,DQATTYEAGSTD,0,12
Positive,1,DQAYYFADS,2,DQAYYFADS,0,9
Positive,1,DQGYSYVAKTPA,1,DQGYSYVAKTPA,0,12
Positive,1,DQGYSYVAKTPAS,35,DQGYSYVAKTPAS,0,13
Positive,1,DQMQQPGT,8,DQMQQPGT,0,8
Positive,1,DQRTKGAYRA,1,DQRTKGAYRA,0,10
Positive,1,DQVYGSGG,6,DQVYGSGG,0,8
Positive,1,DQYSSTSL,8,DQYSSTSL,0,8
Positive,1,DRYAGLDGLYY,1,DRYAGLDGLYY,0,11
Positive,1,DRYTHPY,1,DRYTHPY,0,7
Positive,1,DSAGSGVLYLLPY,1,DSAGSGVLYLLPY,0,13
Positive,1,DSAPTGEDDTDD,7,DSAPTGEDDTDD,0,12
Positive,1,DSGLDPDTDTMN,1,DSGLDPDTDTMN,0,12
Positive,1,DSGLPRY,1,DSGLPRY,0,7
Positive,1,DSGVTGGGGVS,2,DSGVTGGGGVS,0,11
Positive,1,DSLHYRVHSSD,1,DSLHYRVHSSD,0,11
Positive,1,DSRSSGGE,1,DSRSSGGE,0,8
Positive,1,DSSAYMYVQP,1,DSSAYMYVQP,0,10
Positive,1,DSSYSIMLYVY,1,DSSYSIMLYVY,0,11
Positive,1,DSYAMVYNTSYDGA,1,DSYAMVYNTSYDGA,0,14
Positive,1,DSYPGG,1,DSYPGG,0,6
Positive,1,DSYPGGA,3,DSYPGGA,0,7
Positive,1,DSYPGGANYNAKHTL,1,DSYPGGANYNAKHTL,0,15
Positive,1,DSYPGGAQV,1,DSYPGGAQV,0,9
Positive,1,DSYPGGAYGGSRYPR,1,DSYPGGAYGGSRYPR,0,15
Positive,1,DSYPGGAYGSGGRSV,2,DSYPGGAYGSGGRSV,0,15
Positive,1,DSYPGGAYGVAGGP,1,DSYPGGAYGVAGGP,0,14
Positive,1,DSYPGGM,1,DSYPGGM,0,7
Positive,1,DSYPGGQTYGYY,1,DSYPGGQTYGYY,0,12
Positive,1,DSYPYGS,1,DSYPYGS,0,7
Positive,1,DSYSDGH,2,DSYSDGH,0,7
Negative,0,DSYSG,1,DSYSG,0,5
Positive,1,DSYVGSP,2,DSYVGSP,0,7
Positive,1,DTGYAYAGHAG,1,DTGYAYAGHAG,0,11
Positive,1,DTGYLGPLIPAY,2,DTGYLGPLIPAY,0,12
Positive,1,DTPEDYT,1,DTPEDYT,0,7
Positive,1,DTSRLSE,24,DTSRLSE,0,7
Positive,1,DVSAEASMNLD,1,DVSAEASMNLD,0,11
Positive,1,DVYAMVYNTSYDGA,1,DVYAMVYNTSYDGA,0,14
Positive,1,DVYTYA,2,DVYTYA,0,6
Positive,1,DVYTYYYMAA,1,DVYTYYYMAA,0,10
Positive,1,DYDAPKSISYSY,1,DYDAPKSISYSY,0,12
Positive,1,DYDPGPSSD,1,DYDPGPSSD,0,9
Positive,1,DYDSLM,6,DYDSLM,0,6
Positive,1,DYDYDL,2,DYDYDL,0,6
Positive,1,DYFEYE,1,DYFEYE,0,6
Positive,1,DYGGRGL,2,DYGGRGL,0,7
Positive,1,DYGGVT,1,DYGGVT,0,6
Positive,1,DYGLEYDGGY,1,DYGLEYDGGY,0,10
Positive,1,DYGYHGYYIVS,2,DYGYHGYYIVS,0,11
Positive,1,DYGYNQGYSSS,1,DYGYNQGYSSS,0,11
Positive,1,DYGYYY,1,DYGYYY,0,6
Positive,1,DYITYTSIY,1,DYITYTSIY,0,9
Positive,1,DYKQGY,3,DYKQGY,0,6
Positive,1,DYLSLVTGA,6,DYLSLVTGA,0,9
Positive,1,DYNIAGPGNKGQSR,3,DYNIAGPGNKGQSR,0,14
Positive,1,DYPVYYGDD,1,DYPVYYGDD,0,9
Positive,1,DYPYTRK,2,DYPYTRK,0,7
Positive,1,DYSGRKNP,2,DYSGRKNP,0,8
Positive,1,DYTSSP,3,DYTSSP,0,6
Positive,1,DYVGASQGMQVTY,1,DYVGASQGMQVTY,0,13
Positive,1,DYYGPYYPSGQD,3,DYYGPYYPSGQD,0,12
Positive,1,DYYHSSRGF,3,DYYHSSRGF,0,9
Positive,1,DYYQKDGLVYSD,4,DYYQKDGLVYSD,0,12
Positive,1,EAGAHY,1,EAGAHY,0,6
Positive,1,EAGGGQSYSI,1,EAGGGQSYSI,0,10
Positive,1,EAGGSKGGK,2,EAGGSKGGK,0,9
Positive,1,EASFYDIP,1,EASFYDIP,0,8
Positive,1,EASYGAPDSPD,1,EASYGAPDSPD,0,11
Positive,1,EDGYDS,3,EDGYDS,0,6
Positive,1,EDLAYDDASADLT,1,EDLAYDDASADLT,0,13
Positive,1,EDPAGYAYGSY,12,EDPAGYAYGSY,0,11
Positive,1,EDYAYYYGYSD,1,EDYAYYYGYSD,0,11
Positive,1,EDYPKML,1,EDYPKML,0,7
Positive,1,EEYKYGKHYPLH,1,EEYKYGKHYPLH,0,12
Positive,1,EFYQSYYG,1,EFYQSYYG,0,8
Positive,1,EGDDLIDPSLT,2,EGDDLIDPSLT,0,11
Positive,1,EGDGPNP,3,EGDGPNP,0,7
Positive,1,EGGCGSGGRSV,4,EGGCGSGGRSV,0,11
Positive,1,EGGDTYYMGAD,1,EGGDTYYMGAD,0,11
Positive,1,EGGLYY,1,EGGLYY,0,6
Positive,1,EGGNGSGGRSV,4,EGGNGSGGRSV,0,11
Positive,1,EGGYAMVYNTSYDGA,1,EGGYAMVYNTSYDGA,0,15
Positive,1,EGGYDGASYP,1,EGGYDGASYP,0,10
Positive,1,EGGYDHS,1,EGGYDHS,0,7
Positive,1,EGGYGAGGRSV,1,EGGYGAGGRSV,0,11
Positive,1,EGGYGAINGSA,1,EGGYGAINGSA,0,11
Positive,1,EGGYGD,1,EGGYGD,0,6
Positive,1,EGGYGDSEAAS,1,EGGYGDSEAAS,0,11
Positive,1,EGGYGFGGRSV,1,EGGYGFGGRSV,0,11
Positive,1,EGGYGFGM,1,EGGYGFGM,0,8
Positive,1,EGGYGG,1,EGGYGG,0,6
Positive,1,EGGYGGDPYELLSD,1,EGGYGGDPYELLSD,0,14
Positive,1,EGGYGGSRYPR,1,EGGYGGSRYPR,0,11
Positive,1,EGGYGP,1,EGGYGP,0,6
Positive,1,EGGYGPGRPY,1,EGGYGPGRPY,0,10
Positive,1,EGGYGPLGHKSG,1,EGGYGPLGHKSG,0,12
Positive,1,EGGYGQ,2,EGGYGQ,0,6
Positive,1,EGGYGQYTRATS,1,EGGYGQYTRATS,0,12
Positive,1,EGGYGRQIKD,1,EGGYGRQIKD,0,10
Positive,1,EGGYGS,2,EGGYGS,0,6
Positive,1,EGGYGSAGRPD,1,EGGYGSAGRPD,0,11
Positive,1,EGGYGSCDRSV,1,EGGYGSCDRSV,0,11
Positive,1,EGGYGSCGRSV,1,EGGYGSCGRSV,0,11
Positive,1,EGGYGSG,3,EGGYGSG,0,7
Positive,1,EGGYGSGG,7,EGGYGSGG,0,8
Positive,1,EGGYGSGGA,1,EGGYGSGGA,0,9
Positive,1,EGGYGSGGDPYELLSD,2,EGGYGSGGDPYELLSD,0,16
Positive,1,EGGYGSGGGSV,1,EGGYGSGGGSV,0,11
Positive,1,EGGYGSGGHH,1,EGGYGSGGHH,0,10
Positive,1,EGGYGSGGLATL,1,EGGYGSGGLATL,0,12
Positive,1,EGGYGSGGLG,1,EGGYGSGGLG,0,10
Positive,1,EGGYGSGGP,2,EGGYGSGGP,0,9
Positive,1,EGGYGSGGPY,1,EGGYGSGGPY,0,10
Positive,1,EGGYGSGGPYY,1,EGGYGSGGPYY,0,11
Positive,1,EGGYGSGGRAV,11,EGGYGSGGRAV,0,11
Positive,1,EGGYGSGGRCV,2,EGGYGSGGRCV,0,11
Positive,1,EGGYGSGGRLPS,3,EGGYGSGGRLPS,0,12
Positive,1,EGGYGSGGRSD,3,EGGYGSGGRSD,0,11
Positive,1,EGGYGSGGRSE,2,EGGYGSGGRSE,0,11
Positive,1,EGGYGSGGRSF,6,EGGYGSGGRSF,0,11
Positive,1,EGGYGSGGRSG,6,EGGYGSGGRSG,0,11
Positive,1,EGGYGSGGRSGYTY,1,EGGYGSGGRSGYTY,0,14
Positive,1,EGGYGSGGRSL,1,EGGYGSGGRSL,0,11
Positive,1,EGGYGSGGRSS,1,EGGYGSGGRSS,0,11
Positive,1,EGGYGSGGRSV,5571,EGGYGSGGRSV,0,11
Positive,1,EGGYGSGGRYS,1,EGGYGSGGRYS,0,11
Positive,1,EGGYGSGGRYV,7,EGGYGSGGRYV,0,11
Positive,1,EGGYGSGGSG,1,EGGYGSGGSG,0,10
Positive,1,EGGYGSGGT,4,EGGYGSGGT,0,9
Positive,1,EGGYGSGGVKKATDSG,1,EGGYGSGGVKKATDSG,0,16
Positive,1,EGGYGSGGY,1,EGGYGSGGY,0,9
Positive,1,EGGYGSGKAG,1,EGGYGSGKAG,0,10
Positive,1,EGGYGSGRHSGYTY,1,EGGYGSGRHSGYTY,0,14
Positive,1,EGGYGSGRPY,2,EGGYGSGRPY,0,10
Positive,1,EGGYGSGS,1,EGGYGSGS,0,8
Positive,1,EGGYGSKYDLDG,2,EGGYGSKYDLDG,0,12
Positive,1,EGGYGSLY,1,EGGYGSLY,0,8
Positive,1,EGGYGSPYS,1,EGGYGSPYS,0,9
Positive,1,EGGYGSSGRSV,1,EGGYGSSGRSV,0,11
Positive,1,EGGYGSSLD,1,EGGYGSSLD,0,9
Positive,1,EGGYGSSYSAPS,1,EGGYGSSYSAPS,0,12
Positive,1,EGGYGSTN,2,EGGYGSTN,0,8
Positive,1,EGGYGSVGRSV,1,EGGYGSVGRSV,0,11
Positive,1,EGGYGSYLLEAMYPK,1,EGGYGSYLLEAMYPK,0,15
Positive,1,EGGYGTA,1,EGGYGTA,0,7
Positive,1,EGGYGTGGRSV,1,EGGYGTGGRSV,0,11
Positive,1,EGGYGYGGRSV,1,EGGYGYGGRSV,0,11
Positive,1,EGGYGYNG,1,EGGYGYNG,0,8
Positive,1,EGGYGYQ,1,EGGYGYQ,0,7
Positive,1,EGGYLM,1,EGGYLM,0,6
Positive,1,EGGYMPSDIFN,1,EGGYMPSDIFN,0,11
Positive,1,EGGYTS,2,EGGYTS,0,6
Positive,1,EGGYVYGGGAT,1,EGGYVYGGGAT,0,11
Positive,1,EGGYYSPSYPYGS,1,EGGYYSPSYPYGS,0,13
Negative,0,EGHS,5,EGHS,0,4
Positive,1,EGKYHAYAAYGAT,1,EGKYHAYAAYGAT,0,13
Positive,1,EGLKSSDS,2,EGLKSSDS,0,8
Positive,1,EGPMDDN,1,EGPMDDN,0,7
Positive,1,EGPMDGG,2,EGPMDGG,0,7
Positive,1,EGRYGSGGRSV,2,EGRYGSGGRSV,0,11
Positive,1,EGVGHYGGRRVPA,1,EGVGHYGGRRVPA,0,13
Positive,1,EGVYKDIGYAA,1,EGVYKDIGYAA,0,11
Positive,1,EGYGNYSVRP,1,EGYGNYSVRP,0,10
Positive,1,EGYYYLPTYYAGY,2,EGYYYLPTYYAGY,0,13
Positive,1,EHNMLDDLLGTA,11,EHNMLDDLLGTA,0,12
Positive,1,EIGGYEVYV,2,EIGGYEVYV,0,9
Positive,1,EIQESPS,1,EIQESPS,0,7
Positive,1,EKSGSYYAE,2,EKSGSYYAE,0,9
Positive,1,EKYYYSPDMSYYP,2,EKYYYSPDMSYYP,0,13
Positive,1,ELDAGS,1,ELDAGS,0,6
Positive,1,ELEGGGTYP,1,ELEGGGTYP,0,9
Positive,1,ELEGSSYSQDSSDD,1,ELEGSSYSQDSSDD,0,14
Positive,1,ELEHGM,4,ELEHGM,0,6
Positive,1,ELEHGSPYDG,3,ELEHGSPYDG,0,10
Positive,1,ELYGPLAL,1,ELYGPLAL,0,8
Positive,1,EPFYSEAYD,2,EPFYSEAYD,0,9
Positive,1,EPGPTRRWWSDGG,9,EPGPTRRWWSDGG,0,13
Positive,1,EPQDDFT,3,EPQDDFT,0,7
Positive,1,EPQTYSYHSKGSYN,3,EPQTYSYHSKGSYN,0,14
Positive,1,EPYYSGPYYSS,1,EPYYSGPYYSS,0,11
Positive,1,ERAGNYD,1,ERAGNYD,0,7
Positive,1,ESAEDPKAS,1,ESAEDPKAS,0,9
Negative,0,ESAI,1,ESAI,0,4
Positive,1,ESASPTKT,6,ESASPTKT,0,8
Positive,1,ESAYSAP,5,ESAYSAP,0,7
Positive,1,ESEGDLGT,4,ESEGDLGT,0,8
Positive,1,ESFGYDGA,1,ESFGYDGA,0,8
Positive,1,ESGYRDLAG,4,ESGYRDLAG,0,9
Positive,1,ESLAYQTTANSY,2,ESLAYQTTANSY,0,12
Negative,0,ESYSG,6,ESYSG,0,5
Positive,1,ETYMLPNGS,5,ETYMLPNGS,0,9
Positive,1,ETYNDHS,1,ETYNDHS,0,7
Negative,0,EVDY,3,EVDY,0,4
Positive,1,EYDYGTP,1,EYDYGTP,0,7
Positive,1,EYHSTYHGGYS,1,EYHSTYHGGYS,0,11
Positive,1,EYIPYP,1,EYIPYP,0,6
Positive,1,EYLDPGSPGI,1,EYLDPGSPGI,0,10
Positive,1,EYPSRHGSD,1,EYPSRHGSD,0,9
Positive,1,EYQDSSLGTYD,3,EYQDSSLGTYD,0,11
Positive,1,EYTTNEDK,1,EYTTNEDK,0,8
Negative,0,EYY,6,EYY,0,3
Positive,1,EYYHDDDLHTYS,1,EYYHDDDLHTYS,0,12
Positive,1,FADALGRYSTSYS,1,FADALGRYSTSYS,0,13
Positive,1,FATGHSLDQ,20,FATGHSLDQ,0,9
Positive,1,FDLMNEE,1,FDLMNEE,0,7
Positive,1,FGDGASL,4,FGDGASL,0,7
Positive,1,FGDHSYA,6,FGDHSYA,0,7
Positive,1,FGGGAYSGRDGAA,3,FGGGAYSGRDGAA,0,13
Positive,1,FGYRYGQ,2,FGYRYGQ,0,7
Positive,1,FLAYVDYGDYHTTY,1,FLAYVDYGDYHTTY,0,14
Positive,1,FLAYVKLGYDSGYL,2,FLAYVKLGYDSGYL,0,14
Positive,1,FPQYHSH,5,FPQYHSH,0,7
Positive,1,FPSYGSPTNH,15,FPSYGSPTNH,0,10
Positive,1,FPYYGKAQK,1,FPYYGKAQK,0,9
Positive,1,FPYYGKAQT,1,FPYYGKAQT,0,9
Positive,1,FQSYGHHRGPY,1,FQSYGHHRGPY,0,11
Positive,1,FSAYDQLS,1,FSAYDQLS,0,8
Positive,1,FSDSDM,1,FSDSDM,0,6
Positive,1,FSGDNSKYE,1,FSGDNSKYE,0,9
Positive,1,FSSYDGSGGLG,1,FSSYDGSGGLG,0,11
Positive,1,FSSYSDP,4,FSSYSDP,0,7
Positive,1,FSTDDDG,1,FSTDDDG,0,7
Positive,1,FSVQGG,2,FSVQGG,0,6
Positive,1,FSYGASN,2,FSYGASN,0,7
Positive,1,FSYGSHVSTGS,2,FSYGSHVSTGS,0,11
Positive,1,FSYKGHTQKA,3,FSYKGHTQKA,0,10
Positive,1,FTQSANHKPHGAG,1,FTQSANHKPHGAG,0,13
Positive,1,FVLYYYSIATEQL,1,FVLYYYSIATEQL,0,13
Positive,1,FYNMGSNL,5,FYNMGSNL,0,8
Positive,1,FYYRAISPK,9,FYYRAISPK,0,9
Positive,1,FYYYHGHVYY,1,FYYYHGHVYY,0,10
Positive,1,GAASGQA,6,GAASGQA,0,7
Positive,1,GADDPAP,3,GADDPAP,0,7
Positive,1,GADPQYYKGYG,1,GADPQYYKGYG,0,11
Positive,1,GADSYSSSA,4,GADSYSSSA,0,9
Positive,1,GADTHTRYGQS,4,GADTHTRYGQS,0,11
Positive,1,GAGGSYHRILPG,2,GAGGSYHRILPG,0,12
Positive,1,GAGKHYTGSPTN,1,GAGKHYTGSPTN,0,12
Positive,1,GAGNGHGD,2,GAGNGHGD,0,8
Positive,1,GAGSTYQDYDY,3,GAGSTYQDYDY,0,11
Positive,1,GAGYMSE,5,GAGYMSE,0,7
Positive,1,GAGYYGHL,1,GAGYYGHL,0,8
Positive,1,GAGYYPLFST,3,GAGYYPLFST,0,10
Positive,1,GAGYYYYAYYVQ,4,GAGYYYYAYYVQ,0,12
Positive,1,GAKQSDHVYYRGI,3,GAKQSDHVYYRGI,0,13
Positive,1,GANPGYY,1,GANPGYY,0,7
Positive,1,GANRYANPS,2,GANRYANPS,0,9
Positive,1,GANRYD,2,GANRYD,0,6
Positive,1,GANRYDVLVPDTS,2,GANRYDVLVPDTS,0,13
Positive,1,GANRYEILSAYYMA,1,GANRYEILSAYYMA,0,14
Positive,1,GANRYEIQG,1,GANRYEIQG,0,9
Positive,1,GANRYEIQSKPSS,1,GANRYEIQSKPSS,0,13
Positive,1,GANRYEIQSMPKKTD,2,GANRYEIQSMPKKTD,0,15
Positive,1,GANRYEYP,2,GANRYEYP,0,8
Positive,1,GANRYG,3,GANRYG,0,6
Positive,1,GANRYGMDLSA,1,GANRYGMDLSA,0,11
Positive,1,GANRYGSGGRSV,3,GANRYGSGGRSV,0,12
Positive,1,GANRYGYDRHTTPEVT,1,GANRYGYDRHTTPEVT,0,16
Positive,1,GANRYIY,1,GANRYIY,0,7
Positive,1,GANRYKGHTQKA,1,GANRYKGHTQKA,0,12
Positive,1,GANRYMH,2,GANRYMH,0,7
Positive,1,GANRYNS,1,GANRYNS,0,7
Positive,1,GANRYPGF,1,GANRYPGF,0,8
Positive,1,GANRYPND,1,GANRYPND,0,8
Positive,1,GANRYTD,1,GANRYTD,0,7
Positive,1,GANRYYY,1,GANRYYY,0,7
Positive,1,GANYNAKHTL,2,GANYNAKHTL,0,10
Positive,1,GAPYME,1,GAPYME,0,6
Positive,1,GASKGLSAKA,1,GASKGLSAKA,0,10
Positive,1,GASSYNPYT,1,GASSYNPYT,0,9
Positive,1,GASTGQGDNAGY,2,GASTGQGDNAGY,0,12
Positive,1,GATYRD,25,GATYRD,0,6
Positive,1,GATYYVPAKYK,2,GATYYVPAKYK,0,11
Negative,0,GAYAS,3,GAYAS,0,5
Positive,1,GAYDDSQ,3,GAYDDSQ,0,7
Positive,1,GAYILGPG,1,GAYILGPG,0,8
Positive,1,GAYQKSAY,1,GAYQKSAY,0,8
Positive,1,GAYSKYKYY,3,GAYSKYKYY,0,9
Positive,1,GAYYFYTR,2,GAYYFYTR,0,8
Positive,1,GAYYGGNAYYG,4,GAYYGGNAYYG,0,11
Positive,1,GAYYLE,1,GAYYLE,0,6
Negative,0,GCDYPR,3,GCDYPR,0,6
Negative,0,GCYYPR,1,GCYYPR,0,6
Positive,1,GDALDPPMYS,3,GDALDPPMYS,0,10
Positive,1,GDGADH,2,GDGADH,0,6
Positive,1,GDGASGAD,1,GDGASGAD,0,8
Positive,1,GDGATYYPY,3,GDGATYYPY,0,9
Positive,1,GDGGYRYKGDGGYHLQP,1,GDGGYRYKGDGGYHLQP,0,17
Positive,1,GDGSGLFPLS,1,GDGSGLFPLS,0,10
Negative,0,GDGSM,7,GDGSM,0,5
Positive,1,GDHHGPFYFSYYES,1,GDHHGPFYFSYYES,0,14
Positive,1,GDHYQTPGYGYG,1,GDHYQTPGYGYG,0,12
Positive,1,GDIEPYDS,1,GDIEPYDS,0,8
Positive,1,GDLGQSND,2,GDLGQSND,0,8
Positive,1,GDLYMGLTE,1,GDLYMGLTE,0,9
Negative,0,GDNAS,2,GDNAS,0,5
Positive,1,GDPSVYI,1,GDPSVYI,0,7
Positive,1,GDPYYT,1,GDPYYT,0,6
Positive,1,GDQMSDSGQYSP,1,GDQMSDSGQYSP,0,12
Positive,1,GDSPYGDDELTP,2,GDSPYGDDELTP,0,12
Positive,1,GDTESGV,2,GDTESGV,0,7
Positive,1,GDTYQS,1,GDTYQS,0,6
Negative,0,GDYAS,3557,GDYAS,0,5
Negative,0,GDYAT,1,GDYAT,0,5
Positive,1,GDYAVTLGA,2,GDYAVTLGA,0,9
Negative,0,GDYES,1,GDYES,0,5
Positive,1,GDYISGNAY,1,GDYISGNAY,0,9
Negative,0,GDYPS,1,GDYPS,0,5
Negative,0,GDYSS,3,GDYSS,0,5
Positive,1,GDYTGG,1,GDYTGG,0,6
Negative,0,GDYTS,6,GDYTS,0,5
Positive,1,GDYVDYGDYHTTY,63,GDYVDYGDYHTTY,0,13
Positive,1,GEDISP,1,GEDISP,0,6
Positive,1,GEGGNAN,1,GEGGNAN,0,7
Positive,1,GEGLSEE,1,GEGLSEE,0,7
Negative,0,GEHS,2,GEHS,0,4
Positive,1,GEPIGPY,3,GEPIGPY,0,7
Negative,0,GESAS,1,GESAS,0,5
Negative,0,GEYAS,21,GEYAS,0,5
Positive,1,GEYETPYVAYAGPP,8,GEYETPYVAYAGPP,0,14
Positive,1,GFAEAGYTTPYD,1,GFAEAGYTTPYD,0,12
Positive,1,GFGLPD,4,GFGLPD,0,6
Positive,1,GFGTMGLYYI,4,GFGTMGLYYI,0,10
Positive,1,GFSPDDTYAA,3,GFSPDDTYAA,0,10
Positive,1,GGALSDGLGG,4,GGALSDGLGG,0,10
Positive,1,GGAPYYRKKIA,6,GGAPYYRKKIA,0,11
Positive,1,GGDATGYGQRS,3,GGDATGYGQRS,0,11
Positive,1,GGDDSSG,24,GGDDSSG,0,7
Positive,1,GGDETAI,2,GGDETAI,0,7
Negative,0,GGDGSM,3,GGDGSM,0,6
Positive,1,GGDLSSGSSLD,1,GGDLSSGSSLD,0,11
Positive,1,GGDTAYEE,3,GGDTAYEE,0,8
Negative,0,GGDYAR,1,GGDYAR,0,6
Negative,0,GGDYPL,2,GGDYPL,0,6
Negative,0,GGDYPR,1347,GGDYPR,0,6
Negative,0,GGDYPS,2,GGDYPS,0,6
Negative,0,GGDYQR,1,GGDYQR,0,6
Negative,0,GGDYTR,1,GGDYTR,0,6
Negative,0,GGESPR,1,GGESPR,0,6
Negative,0,GGEYPR,4,GGEYPR,0,6
Positive,1,GGGDGS,10,GGGDGS,0,6
Positive,1,GGGGPYI,1,GGGGPYI,0,7
Positive,1,GGGGST,9,GGGGST,0,6
Positive,1,GGGLDRYG,9,GGGLDRYG,0,8
Positive,1,GGGLGRYG,1,GGGLGRYG,0,8
Positive,1,GGGLYY,1,GGGLYY,0,6
Positive,1,GGGSAK,2,GGGSAK,0,6
Positive,1,GGGSGNMLD,4,GGGSGNMLD,0,9
Positive,1,GGGSSDTDYRSQ,2,GGGSSDTDYRSQ,0,12
Positive,1,GGGYGD,4,GGGYGD,0,6
Positive,1,GGGYGSGGRSV,5,GGGYGSGGRSV,0,11
Positive,1,GGHGYYST,20,GGHGYYST,0,8
Positive,1,GGLGANDYNS,18,GGLGANDYNS,0,10
Positive,1,GGLGGDLIYL,1,GGLGGDLIYL,0,10
Positive,1,GGLYTDGYS,1,GGLYTDGYS,0,9
Positive,1,GGPLYAEDYDG,1,GGPLYAEDYDG,0,11
Positive,1,GGQSGYYTS,1,GGQSGYYTS,0,9
Positive,1,GGRYAQQQ,1,GGRYAQQQ,0,8
Positive,1,GGSSPPMSSSSTDL,1,GGSSPPMSSSSTDL,0,14
Positive,1,GGSSQTYLYTHA,1,GGSSQTYLYTHA,0,12
Positive,1,GGSTSLPDP,3,GGSTSLPDP,0,9
Positive,1,GGSYLLGSPHARYPL,1,GGSYLLGSPHARYPL,0,15
Positive,1,GGSYYSD,2,GGSYYSD,0,7
Positive,1,GGSYYVYLYI,1,GGSYYVYLYI,0,10
Positive,1,GGSYYYY,1,GGSYYYY,0,7
Negative,0,GGYAS,2,GGYAS,0,5
Positive,1,GGYGTGAYQPVT,1,GGYGTGAYQPVT,0,12
Positive,1,GGYMTGRY,1,GGYMTGRY,0,8
Positive,1,GGYNITG,3,GGYNITG,0,7
Positive,1,GGYPAG,2,GGYPAG,0,6
Positive,1,GGYSKDQDP,2,GGYSKDQDP,0,9
Positive,1,GGYSTY,1,GGYSTY,0,6
Negative,0,GHG,145,GHG,0,3
Positive,1,GHGGNEYA,5,GHGGNEYA,0,8
Positive,1,GHGPDKRHQDD,11,GHGPDKRHQDD,0,11
Positive,1,GHGPEKRHQDD,1,GHGPEKRHQDD,0,11
Positive,1,GHMSDGVYG,6,GHMSDGVYG,0,9
Positive,1,GHNSDYGYYIYATY,3,GHNSDYGYYIYATY,0,14
Positive,1,GHSSPMG,5,GHSSPMG,0,7
Positive,1,GHYNSA,1,GHYNSA,0,6
Positive,1,GHYSSRPILY,3,GHYSSRPILY,0,10
Positive,1,GIGSKS,2,GIGSKS,0,6
Positive,1,GISSLAHKDYG,1,GISSLAHKDYG,0,11
Positive,1,GIYKYSYD,2,GIYKYSYD,0,8
Positive,1,GKAGKSYT,2,GKAGKSYT,0,8
Positive,1,GKEYYLLLLP,2,GKEYYLLLLP,0,10
Positive,1,GKGYAGSGGIN,1,GKGYAGSGGIN,0,11
Positive,1,GKSYKGHTQKA,21,GKSYKGHTQKA,0,11
Positive,1,GLADLASDYYTAEG,1,GLADLASDYYTAEG,0,14
Positive,1,GLADLYT,2,GLADLYT,0,7
Positive,1,GLDLMK,7,GLDLMK,0,6
Positive,1,GLGGANYNAKHTL,37,GLGGANYNAKHTL,0,13
Positive,1,GLGGANYNAKHTQ,1,GLGGANYNAKHTQ,0,13
Positive,1,GLGGYRYKGDGGYHLQP,14,GLGGYRYKGDGGYHLQP,0,17
Positive,1,GLGLGTS,3,GLGLGTS,0,7
Positive,1,GLGPANNDPEQSDG,1,GLGPANNDPEQSDG,0,14
Positive,1,GLGSRPHSTNT,8,GLGSRPHSTNT,0,11
Positive,1,GLGYPKYL,1,GLGYPKYL,0,8
Positive,1,GLKGDYSYAKYSL,10,GLKGDYSYAKYSL,0,13
Positive,1,GLMSDY,1,GLMSDY,0,6
Positive,1,GLMYYVAPG,1,GLMYYVAPG,0,9
Positive,1,GLMYYVARG,9,GLMYYVARG,0,9
Positive,1,GLPYNRGPPLKF,2,GLPYNRGPPLKF,0,12
Positive,1,GLQSASYSGG,1,GLQSASYSGG,0,10
Positive,1,GLSSGQ,2,GLSSGQ,0,6
Positive,1,GLYNGGYA,1,GLYNGGYA,0,8
Positive,1,GMGYRYNG,21,GMGYRYNG,0,8
Positive,1,GMGYSKMDHYE,1,GMGYSKMDHYE,0,11
Positive,1,GNFLGGS,1,GNFLGGS,0,7
Positive,1,GNSQYADSDPGVT,2,GNSQYADSDPGVT,0,13
Negative,0,GNYAS,2,GNYAS,0,5
Positive,1,GNYSNYPIA,1,GNYSNYPIA,0,9
Positive,1,GPDDDGPL,9,GPDDDGPL,0,8
Positive,1,GPDYYQKNY,2,GPDYYQKNY,0,9
Positive,1,GPESYRDDYYK,3,GPESYRDDYYK,0,11
Positive,1,GPGADYGAAMT,2,GPGADYGAAMT,0,11
Positive,1,GPGRPY,1,GPGRPY,0,6
Positive,1,GPGRRIFGASPT,12,GPGRRIFGASPT,0,12
Positive,1,GPGSQGKLRSY,1,GPGSQGKLRSY,0,11
Positive,1,GPKQSAY,2,GPKQSAY,0,7
Positive,1,GPLSYYQ,4,GPLSYYQ,0,7
Positive,1,GPNLPYYDYSF,4,GPNLPYYDYSF,0,11
Positive,1,GPPTGMS,1,GPPTGMS,0,7
Positive,1,GPRYSYHPPKQ,2,GPRYSYHPPKQ,0,11
Positive,1,GPYLDQG,3,GPYLDQG,0,7
Positive,1,GPYSGPTNSSYY,1,GPYSGPTNSSYY,0,12
Positive,1,GQDARKRYPND,7,GQDARKRYPND,0,11
Positive,1,GQDVTPDYPDP,12,GQDVTPDYPDP,0,11
Negative,0,GQG,1,GQG,0,3
Positive,1,GQGYGGQAGP,2,GQGYGGQAGP,0,10
Positive,1,GQLDYNLPSFG,1,GQLDYNLPSFG,0,11
Positive,1,GQSYLG,8,GQSYLG,0,6
Positive,1,GRDASLG,3,GRDASLG,0,7
Negative,0,GRDYPR,1,GRDYPR,0,6
Positive,1,GRFTGSSLGGLH,1,GRFTGSSLGGLH,0,12
Positive,1,GRHYDNGHGGNEYA,1,GRHYDNGHGGNEYA,0,14
Positive,1,GRILGSSAYGG,8,GRILGSSAYGG,0,11
Positive,1,GRLKSYLTELR,2,GRLKSYLTELR,0,11
Positive,1,GRPGSAG,4,GRPGSAG,0,7
Positive,1,GRQQAG,2,GRQQAG,0,6
Positive,1,GRVLLCEAARLLWLPV,1,GRVLLCEAARLLWLPV,0,16
Positive,1,GRVLLCEGNHPKST,1,GRVLLCEGNHPKST,0,14
Positive,1,GRVLLCEGSYYQAY,1,GRVLLCEGSYYQAY,0,14
Positive,1,GRVLLCEVLSYAD,1,GRVLLCEVLSYAD,0,13
Positive,1,GRVLLCEVRILLCV,2,GRVLLCEVRILLCV,0,14
Positive,1,GRYGFAR,1,GRYGFAR,0,7
Positive,1,GSADDHGLLPY,1,GSADDHGLLPY,0,11
Positive,1,GSDASYGG,1,GSDASYGG,0,8
Positive,1,GSDSYSSSA,1,GSDSYSSSA,0,9
Positive,1,GSEGSGP,1,GSEGSGP,0,7
Positive,1,GSGEGP,16,GSGEGP,0,6
Positive,1,GSGEGT,1,GSGEGT,0,6
Positive,1,GSGHAYPY,6,GSGHAYPY,0,8
Positive,1,GSGSLANVKAY,2,GSGSLANVKAY,0,11
Positive,1,GSGYEGLSPS,1,GSGYEGLSPS,0,10
Positive,1,GSIPNYT,2,GSIPNYT,0,7
Positive,1,GSKGLND,3,GSKGLND,0,7
Positive,1,GSKSYG,9,GSKSYG,0,6
Positive,1,GSKTNAPSTV,1,GSKTNAPSTV,0,10
Positive,1,GSLRDAYSP,3,GSLRDAYSP,0,9
Positive,1,GSLSGGLATL,1,GSLSGGLATL,0,10
Positive,1,GSPASSYGQD,1,GSPASSYGQD,0,10
Positive,1,GSPAYRTHSGID,15,GSPAYRTHSGID,0,12
Positive,1,GSPYAGGGGAYKG,3,GSPYAGGGGAYKG,0,13
Positive,1,GSSHSVTGDSGGA,6,GSSHSVTGDSGGA,0,13
Positive,1,GSSLSQGYRSYYS,1,GSSLSQGYRSYYS,0,13
Positive,1,GSSSVAVYYCARASII,1,GSSSVAVYYCARASII,0,16
Positive,1,GSSYGG,3,GSSYGG,0,6
Positive,1,GSSYRGG,3,GSSYRGG,0,7
Positive,1,GSTAYHLY,4,GSTAYHLY,0,8
Positive,1,GSTRAAAVYYCARYGQ,1,GSTRAAAVYYCARYGQ,0,16
Positive,1,GSTRAADADE,1,GSTRAADADE,0,10
Positive,1,GSTRAARLDSGYRGA,2,GSTRAARLDSGYRGA,0,15
Positive,1,GSVTTLPYAHA,1,GSVTTLPYAHA,0,11
Positive,1,GSYLHADDGGD,1,GSYLHADDGGD,0,11
Positive,1,GSYPRHQTGDYGSLY,5,GSYPRHQTGDYGSLY,0,15
Positive,1,GSYQGMSGAYS,2,GSYQGMSGAYS,0,11
Positive,1,GSYSRYLD,2,GSYSRYLD,0,8
Positive,1,GSYSYVSYYYPA,1,GSYSYVSYYYPA,0,12
Positive,1,GTDSPQ,1,GTDSPQ,0,6
Positive,1,GTDSSDQGNSAQGI,1,GTDSSDQGNSAQGI,0,14
Positive,1,GTEGFGYDRVG,1,GTEGFGYDRVG,0,11
Positive,1,GTGQSGSYEYS,1,GTGQSGSYEYS,0,11
Positive,1,GTGYLPY,3,GTGYLPY,0,7
Positive,1,GTKSVR,1,GTKSVR,0,6
Positive,1,GTNAHKQGTSA,4,GTNAHKQGTSA,0,11
Positive,1,GTNGDSTNY,1,GTNGDSTNY,0,9
Positive,1,GTSGHQGS,2,GTSGHQGS,0,8
Positive,1,GTYDSAYY,5,GTYDSAYY,0,8
Positive,1,GTYNLHA,3,GTYNLHA,0,7
Negative,0,GVDYPR,1,GVDYPR,0,6
Positive,1,GVKYGLG,1,GVKYGLG,0,7
Positive,1,GVSGDDE,1,GVSGDDE,0,7
Positive,1,GVSSESE,2,GVSSESE,0,7
Positive,1,GVYAMVYNTSYDGA,60,GVYAMVYNTSYDGA,0,14
Positive,1,GVYAMVYNTSYDGAD,1,GVYAMVYNTSYDGAD,0,15
Positive,1,GYAYGGFLE,1,GYAYGGFLE,0,9
Positive,1,GYDAYYAAYSG,14,GYDAYYAAYSG,0,11
Positive,1,GYDPGYGFYPSQYY,1,GYDPGYGFYPSQYY,0,14
Positive,1,GYDTYYP,3,GYDTYYP,0,7
Positive,1,GYDYSFP,2,GYDYSFP,0,7
Positive,1,GYENAEQYPSPGL,2,GYENAEQYPSPGL,0,13
Positive,1,GYGGDSR,1,GYGGDSR,0,7
Positive,1,GYGGHH,9,GYGGHH,0,6
Positive,1,GYGLHD,1,GYGLHD,0,6
Positive,1,GYGSNA,4,GYGSNA,0,6
Positive,1,GYGSYYGLY,1,GYGSYYGLY,0,9
Positive,1,GYIGQSNYALG,1,GYIGQSNYALG,0,11
Positive,1,GYKGAG,1,GYKGAG,0,6
Positive,1,GYKHYSS,7,GYKHYSS,0,7
Positive,1,GYLSLVTGA,1,GYLSLVTGA,0,9
Positive,1,GYPDPGYQ,1,GYPDPGYQ,0,8
Positive,1,GYPDYHHEGYY,1,GYPDYHHEGYY,0,11
Positive,1,GYPFRRLPISYTNA,2,GYPFRRLPISYTNA,0,14
Positive,1,GYPGYVSKNDLDG,1,GYPGYVSKNDLDG,0,13
Positive,1,GYPGYVSKYDLDG,40,GYPGYVSKYDLDG,0,13
Positive,1,GYPTDHDSGTA,1,GYPTDHDSGTA,0,11
Positive,1,GYPYYEPYDLV,2,GYPYYEPYDLV,0,11
Positive,1,GYSIDGY,1,GYSIDGY,0,7
Positive,1,GYSKTLYPYKH,1,GYSKTLYPYKH,0,11
Positive,1,GYSLPKSD,2,GYSLPKSD,0,8
Positive,1,GYSSLPHDTHKYD,2,GYSSLPHDTHKYD,0,13
Positive,1,GYSSSQG,1,GYSSSQG,0,7
Positive,1,GYSSYDE,4,GYSSYDE,0,7
Positive,1,GYSYVL,3,GYSYVL,0,6
Positive,1,GYTEGDD,1,GYTEGDD,0,7
Positive,1,GYVYRDGY,12,GYVYRDGY,0,8
Negative,0,GYY,1,GYY,0,3
Negative,0,GYYD,2,GYYD,0,4
Positive,1,GYYDDGY,1,GYYDDGY,0,7
Positive,1,GYYGSGAQYSPYYP,4,GYYGSGAQYSPYYP,0,14
Positive,1,GYYIAYFSSS,2,GYYIAYFSSS,0,10
Positive,1,GYYNYY,1,GYYNYY,0,6
Positive,1,GYYYPP,1,GYYYPP,0,6
Positive,1,HDIGPPT,2,HDIGPPT,0,7
Positive,1,HDTGKASSD,1,HDTGKASSD,0,9
Positive,1,HDYYIN,1,HDYYIN,0,6
Positive,1,HEHGGAE,2,HEHGGAE,0,7
Positive,1,HGGSRYPR,1,HGGSRYPR,0,8
Positive,1,HGLQDYSGYSHKY,1,HGLQDYSGYSHKY,0,13
Positive,1,HGYPGNSYSQAYN,1,HGYPGNSYSQAYN,0,13
Negative,0,HGYPMSYA,1,HGYPMSYA,0,8
Positive,1,HKYGGYYGQDI,1,HKYGGYYGQDI,0,11
Positive,1,HMYYGGA,9,HMYYGGA,0,7
Positive,1,HNDIDDSD,1,HNDIDDSD,0,8
Positive,1,HPTTGEPYAYLG,1,HPTTGEPYAYLG,0,12
Positive,1,HPYDSTYMYNA,1,HPYDSTYMYNA,0,11
Positive,1,HQFLRPT,3,HQFLRPT,0,7
Positive,1,HSFRPSM,1,HSFRPSM,0,7
Positive,1,HSLLRWYHRWS,1,HSLLRWYHRWS,0,11
Positive,1,HYGYKGGSVGY,2,HYGYKGGSVGY,0,11
Positive,1,HYNSKLDN,2,HYNSKLDN,0,8
Positive,1,IADKLGQ,1,IADKLGQ,0,7
Positive,1,IAEARLHHSAQPS,20,IAEARLHHSAQPS,0,13
Positive,1,IDSSSTG,1,IDSSSTG,0,7
Positive,1,IFGYGYKGYTKLS,4,IFGYGYKGYTKLS,0,13
Positive,1,IGADYGEGT,2,IGADYGEGT,0,9
Negative,0,IGDGSM,4,IGDGSM,0,6
Negative,0,IGDGYM,1,IGDGYM,0,6
Negative,0,IGHGSM,1,IGHGSM,0,6
Positive,1,IHEYSSAYYDP,1,IHEYSSAYYDP,0,11
Positive,1,IHLIMYLYV,2,IHLIMYLYV,0,9
Positive,1,IKLYGAKTQTF,1,IKLYGAKTQTF,0,11
Positive,1,ILAYGKDSGMS,2,ILAYGKDSGMS,0,11
Negative,0,IMPAYHGPDDT,1,IMPAYHGPDDT,0,11
Positive,1,IQSGGYA,2,IQSGGYA,0,7
Positive,1,IRLGGASRV,2,IRLGGASRV,0,9
Positive,1,IRVVLS,10,IRVVLS,0,6
Positive,1,IRYMSYK,1,IRYMSYK,0,7
Positive,1,IRYTHRTLRHN,3,IRYTHRTLRHN,0,11
Positive,1,ISDLMRGHMMDGDY,1,ISDLMRGHMMDGDY,0,14
Positive,1,ISGTSYGYYD,1,ISGTSYGYYD,0,10
Positive,1,ISMNYPFYK,1,ISMNYPFYK,0,9
Positive,1,ISSPMR,1,ISSPMR,0,6
Positive,1,ISYSVNT,1,ISYSVNT,0,7
Positive,1,ITAGQYTD,1,ITAGQYTD,0,8
Positive,1,ITDLGGGQDSFGG,1,ITDLGGGQDSFGG,0,13
Positive,1,ITGESGYDLLP,1,ITGESGYDLLP,0,11
Positive,1,ITGHYKP,1,ITGHYKP,0,7
Positive,1,ITGSGRHSGYTY,37,ITGSGRHSGYTY,0,12
Positive,1,ITKSHD,1,ITKSHD,0,6
Positive,1,ITPTNGAARYD,1,ITPTNGAARYD,0,11
Positive,1,ITSRAYTQP,1,ITSRAYTQP,0,9
Positive,1,ITVLGRA,10,ITVLGRA,0,7
Positive,1,ITYAYSGY,1,ITYAYSGY,0,8
Positive,1,ITYLAAKYNYYA,3,ITYLAAKYNYYA,0,12
Positive,1,ITYLGG,1,ITYLGG,0,6
Positive,1,ITYLGGA,1,ITYLGGA,0,7
Positive,1,ITYLGGELR,1,ITYLGGELR,0,9
Positive,1,ITYLGGGADYSYRTGYL,4,ITYLGGGADYSYRTGYL,0,17
Positive,1,ITYLGGGHDSGYSGA,1,ITYLGGGHDSGYSGA,0,15
Positive,1,ITYLGGGLG,1,ITYLGGGLG,0,9
Positive,1,ITYLGGGQD,1,ITYLGGGQD,0,9
Positive,1,ITYLGGGQDSFGG,469,ITYLGGGQDSFGG,0,13
Positive,1,ITYLGGGQDSFGGA,4,ITYLGGGQDSFGGA,0,14
Positive,1,ITYLGGGQDSFGGDS,1,ITYLGGGQDSFGGDS,0,15
Positive,1,ITYLGGGQDSFGGRSV,5,ITYLGGGQDSFGGRSV,0,16
Positive,1,ITYLGGGQDSFGGY,1,ITYLGGGQDSFGGY,0,14
Positive,1,ITYLGGGQDSFGRG,1,ITYLGGGQDSFGRG,0,14
Positive,1,ITYLGGGQDSVY,1,ITYLGGGQDSVY,0,12
Positive,1,ITYLGGGQDSYG,1,ITYLGGGQDSYG,0,12
Positive,1,ITYLGGGQDYFGG,1,ITYLGGGQDYFGG,0,13
Positive,1,ITYLGGGQSKTA,1,ITYLGGGQSKTA,0,12
Positive,1,ITYLGGRY,1,ITYLGGRY,0,8
Positive,1,ITYLGGT,1,ITYLGGT,0,7
Positive,1,ITYLGSSAYGG,1,ITYLGSSAYGG,0,11
Positive,1,ITYQGVGQDSFGG,1,ITYQGVGQDSFGG,0,13
Positive,1,ITYRGGGQDSFGG,2,ITYRGGGQDSFGG,0,13
Positive,1,ITYYRPPR,1,ITYYRPPR,0,8
Positive,1,IVKQRD,4,IVKQRD,0,6
Positive,1,IYAYSYYDEFSY,2,IYAYSYYDEFSY,0,12
Positive,1,IYDEGDS,1,IYDEGDS,0,7
Positive,1,IYDYNG,1,IYDYNG,0,6
Positive,1,IYKGSYAEDSPG,2,IYKGSYAEDSPG,0,12
Positive,1,IYKSHN,2,IYKSHN,0,6
Positive,1,IYSGYRGGGN,1,IYSGYRGGGN,0,10
Positive,1,IYYAGLNYK,5,IYYAGLNYK,0,9
Positive,1,IYYPYYAYPPY,1,IYYPYYAYPPY,0,11
Positive,1,IYYYYSGQQ,4,IYYYYSGQQ,0,9
Positive,1,KAAPLDQ,2,KAAPLDQ,0,7
Positive,1,KADGPDLPR,1,KADGPDLPR,0,9
Positive,1,KAGDVNPD,1,KAGDVNPD,0,8
Positive,1,KAGGGPYY,12,KAGGGPYY,0,8
Positive,1,KAGTYYY,1,KAGTYYY,0,7
Positive,1,KAIMYHPYA,3,KAIMYHPYA,0,9
Positive,1,KASQGYT,2,KASQGYT,0,7
Positive,1,KASYGAPDSPD,8,KASYGAPDSPD,0,11
Positive,1,KDKGAPYRYGV,2,KDKGAPYRYGV,0,11
Positive,1,KDLKGGSDYTVND,2,KDLKGGSDYTVND,0,13
Positive,1,KDLNGGRYS,4,KDLNGGRYS,0,9
Positive,1,KDYIKNMHPGSP,3,KDYIKNMHPGSP,0,12
Positive,1,KDYPYSIG,2,KDYPYSIG,0,8
Positive,1,KGAGVLYNQY,2,KGAGVLYNQY,0,10
Positive,1,KGDFSVQGYS,5,KGDFSVQGYS,0,10
Negative,0,KGDGSM,2,KGDGSM,0,6
Positive,1,KGDYVIGQI,1,KGDYVIGQI,0,9
Positive,1,KGGSPRYKHFF,5,KGGSPRYKHFF,0,11
Positive,1,KGGYGSGGRSV,3,KGGYGSGGRSV,0,11
Positive,1,KGLGDPVA,19,KGLGDPVA,0,8
Positive,1,KGLGDTVA,1,KGLGDTVA,0,8
Positive,1,KGLYGPS,1,KGLYGPS,0,7
Positive,1,KGNQGLG,12,KGNQGLG,0,7
Positive,1,KGQPSDDYGDP,2,KGQPSDDYGDP,0,11
Positive,1,KGSLYSRVRPH,4,KGSLYSRVRPH,0,11
Positive,1,KGSYYYGGYSKY,2,KGSYYYGGYSKY,0,12
Positive,1,KGTADVPG,1,KGTADVPG,0,8
Positive,1,KGTEPHGPE,1,KGTEPHGPE,0,9
Positive,1,KGYGPGRPY,14,KGYGPGRPY,0,9
Positive,1,KGYSGE,1,KGYSGE,0,6
Positive,1,KGYSIKYR,1,KGYSIKYR,0,8
Positive,1,KGYSINQYQNSA,1,KGYSINQYQNSA,0,12
Positive,1,KGYSIYHYQNSA,1,KGYSIYHYQNSA,0,12
Positive,1,KGYSIYKYQNSA,1,KGYSIYKYQNSA,0,12
Positive,1,KGYSIYQYQKP,1,KGYSIYQYQKP,0,11
Positive,1,KGYSIYQYQNAA,1,KGYSIYQYQNAA,0,12
Positive,1,KGYSIYQYQNSA,436,KGYSIYQYQNSA,0,12
Positive,1,KGYSVYQYQNSA,1,KGYSVYQYQNSA,0,12
Positive,1,KGYSYYQTF,1,KGYSYYQTF,0,9
Positive,1,KGYTIYHYQNSA,1,KGYTIYHYQNSA,0,12
Positive,1,KGYTIYQYQNSA,1,KGYTIYQYQNSA,0,12
Positive,1,KGYYKPRYQD,1,KGYYKPRYQD,0,10
Positive,1,KHRIYEYD,2,KHRIYEYD,0,8
Positive,1,KIANYSPYAS,3,KIANYSPYAS,0,10
Positive,1,KIANYSVTGDSGGA,1,KIANYSVTGDSGGA,0,14
Positive,1,KISAYGG,8,KISAYGG,0,7
Positive,1,KKLTPQ,2,KKLTPQ,0,6
Positive,1,KKSGSYYAE,3,KKSGSYYAE,0,9
Positive,1,KLAGRYYIN,1,KLAGRYYIN,0,9
Positive,1,KLMGSYVLPY,2,KLMGSYVLPY,0,10
Positive,1,KLVSYSGYYS,1,KLVSYSGYYS,0,10
Positive,1,KLYGPLAL,2,KLYGPLAL,0,8
Positive,1,KNDAKGGSV,2,KNDAKGGSV,0,9
Positive,1,KPDPYSLL,3,KPDPYSLL,0,8
Positive,1,KPGAGSYT,3,KPGAGSYT,0,8
Positive,1,KPGPTGY,6,KPGPTGY,0,7
Positive,1,KPIAYK,1,KPIAYK,0,6
Positive,1,KPIAYY,5,KPIAYY,0,6
Positive,1,KPKYRY,13,KPKYRY,0,6
Positive,1,KPLYGRGD,2,KPLYGRGD,0,8
Positive,1,KPNQMESHD,1,KPNQMESHD,0,9
Positive,1,KPPETN,1,KPPETN,0,6
Positive,1,KPTYSSQL,1,KPTYSSQL,0,8
Positive,1,KPVPICCTPVIPT,2,KPVPICCTPVIPT,0,13
Positive,1,KPYLGSYGRNF,3,KPYLGSYGRNF,0,11
Positive,1,KPYTYTKGSSSPK,1,KPYTYTKGSSSPK,0,13
Positive,1,KQDQYN,1,KQDQYN,0,6
Positive,1,KQGGAA,3,KQGGAA,0,6
Positive,1,KQLSTPTY,1,KQLSTPTY,0,8
Positive,1,KQSDVGDQPH,4,KQSDVGDQPH,0,10
Positive,1,KRNVYQYTP,2,KRNVYQYTP,0,9
Positive,1,KSAAYFGMYSLYSR,5,KSAAYFGMYSLYSR,0,14
Positive,1,KSAPRAYN,2,KSAPRAYN,0,8
Positive,1,KSGSEFG,1,KSGSEFG,0,7
Positive,1,KSHNSPYDQARSAH,2,KSHNSPYDQARSAH,0,14
Positive,1,KSKGADL,1,KSKGADL,0,7
Positive,1,KSQSNASPY,10,KSQSNASPY,0,9
Positive,1,KSSDATR,4,KSSDATR,0,7
Positive,1,KSVYAS,2,KSVYAS,0,6
Positive,1,KSYGGSYSPI,1,KSYGGSYSPI,0,10
Positive,1,KSYIDYEVPYPAYMG,1,KSYIDYEVPYPAYMG,0,15
Positive,1,KSYIVYEGPYPAYMG,1,KSYIVYEGPYPAYMG,0,15
Positive,1,KSYIVYKGPYPAYMG,12,KSYIVYKGPYPAYMG,0,15
Positive,1,KSYMYYN,3,KSYMYYN,0,7
Positive,1,KSYSYP,1,KSYSYP,0,6
Positive,1,KTHRPMPG,4,KTHRPMPG,0,8
Positive,1,KTSNAG,1,KTSNAG,0,6
Positive,1,KTSTGPNALKGS,1,KTSTGPNALKGS,0,12
Positive,1,KYAGRYYGVG,1,KYAGRYYGVG,0,10
Positive,1,KYAGYQRQG,6,KYAGYQRQG,0,9
Positive,1,KYAYVPDGG,6,KYAYVPDGG,0,9
Positive,1,KYDYGTP,4,KYDYGTP,0,7
Positive,1,KYGPYLG,3,KYGPYLG,0,7
Positive,1,KYGSYYY,1,KYGSYYY,0,7
Positive,1,KYGYANPS,6,KYGYANPS,0,8
Positive,1,KYGYSPGR,5,KYGYSPGR,0,8
Positive,1,KYHPGPYI,1,KYHPGPYI,0,8
Positive,1,KYHRLDGPYPS,16,KYHRLDGPYPS,0,11
Positive,1,KYHYRNS,3,KYHYRNS,0,7
Positive,1,KYIGYYLPDQATE,1,KYIGYYLPDQATE,0,13
Positive,1,KYIPYP,2,KYIPYP,0,6
Positive,1,KYSSYG,1,KYSSYG,0,6
Positive,1,KYYSYD,3,KYYSYD,0,6
Positive,1,KYYYDYYK,1,KYYYDYYK,0,8
Positive,1,LADQSSS,6,LADQSSS,0,7
Positive,1,LAGGYSSDAYS,1,LAGGYSSDAYS,0,11
Positive,1,LAKRLQPL,7,LAKRLQPL,0,8
Positive,1,LAKRLQPLST,1,LAKRLQPLST,0,10
Positive,1,LAKRLQPQ,1,LAKRLQPQ,0,8
Negative,0,LASDC,1,LASDC,0,5
Positive,1,LASDGSGHHGTDN,19,LASDGSGHHGTDN,0,13
Negative,0,LASDS,1266,LASDS,0,5
Negative,0,LASDSM,5,LASDSM,0,6
Negative,0,LASDT,1,LASDT,0,5
Negative,0,LASDY,2,LASDY,0,5
Negative,0,LASES,1,LASES,0,5
Positive,1,LASKYSTSFMT,8,LASKYSTSFMT,0,11
Negative,0,LASVS,1,LASVS,0,5
Negative,0,LAYDS,1,LAYDS,0,5
Positive,1,LAYTYYGLYYAN,4,LAYTYYGLYYAN,0,12
Negative,0,LAYY,3,LAYY,0,4
Positive,1,LDAYDRYRK,2,LDAYDRYRK,0,9
Positive,1,LDDPTTGPGRPD,1,LDDPTTGPGRPD,0,12
Positive,1,LDDYMISMYS,1,LDDYMISMYS,0,10
Positive,1,LDGGHSKY,4,LDGGHSKY,0,8
Positive,1,LDGPPPYPDAGV,2,LDGPPPYPDAGV,0,12
Positive,1,LDGSAFLL,2,LDGSAFLL,0,8
Positive,1,LDHGPDSQRHT,5,LDHGPDSQRHT,0,11
Positive,1,LDLSYGSPTNH,1,LDLSYGSPTNH,0,11
Positive,1,LDQFQKYLTVR,1,LDQFQKYLTVR,0,11
Positive,1,LDQRTKGAYRA,26,LDQRTKGAYRA,0,11
Positive,1,LDTYPYQLG,1,LDTYPYQLG,0,9
Positive,1,LDYYFGGY,3,LDYYFGGY,0,8
Positive,1,LEGPGGG,1,LEGPGGG,0,7
Positive,1,LEHADS,1,LEHADS,0,6
Negative,0,LFDGKLNYY,8,LFDGKLNYY,0,9
Positive,1,LGAYSKYKYY,6,LGAYSKYKYY,0,10
Positive,1,LGDGLG,19,LGDGLG,0,6
Positive,1,LGDGLGSRPHSTNT,1,LGDGLGSRPHSTNT,0,14
Negative,0,LGDGSL,1,LGDGSL,0,6
Negative,0,LGDGSM,38,LGDGSM,0,6
Positive,1,LGDYDGTEFM,2,LGDYDGTEFM,0,10
Positive,1,LGEGLG,1,LGEGLG,0,6
Negative,0,LGEGSM,2,LGEGSM,0,6
Positive,1,LGEKLAGDYVYVY,2,LGEKLAGDYVYVY,0,13
Positive,1,LGGYYS,4,LGGYYS,0,6
Positive,1,LGIPPYD,9,LGIPPYD,0,7
Positive,1,LGRLYSDSKASYSQ,7,LGRLYSDSKASYSQ,0,14
Positive,1,LGRLYSDSKATEYPY,1,LGRLYSDSKATEYPY,0,15
Positive,1,LGRPSYGDSPSTT,1,LGRPSYGDSPSTT,0,13
Positive,1,LGSFLYRYGYRY,1,LGSFLYRYGYRY,0,12
Positive,1,LGSHAYSQS,1,LGSHAYSQS,0,9
Positive,1,LGTYYVI,2,LGTYYVI,0,7
Positive,1,LGVASS,1,LGVASS,0,6
Positive,1,LGYANAYK,4,LGYANAYK,0,8
Positive,1,LGYDGSAQGDISGA,1,LGYDGSAQGDISGA,0,14
Positive,1,LGYLNSPNSY,1,LGYLNSPNSY,0,10
Positive,1,LHRHPSGGQRPN,7,LHRHPSGGQRPN,0,12
Positive,1,LHYIDS,2,LHYIDS,0,6
Positive,1,LIGPTTRSSRLLWLPV,1,LIGPTTRSSRLLWLPV,0,16
Positive,1,LIHRAYYAYI,4,LIHRAYYAYI,0,10
Positive,1,LIPYSLGLRKDAS,2,LIPYSLGLRKDAS,0,13
Positive,1,LIPYSLGLRKYAS,1,LIPYSLGLRKYAS,0,13
Positive,1,LIPYSLGLRTDAS,1,LIPYSLGLRTDAS,0,13
Positive,1,LIQGSIN,1,LIQGSIN,0,7
Positive,1,LKGAGLF,1,LKGAGLF,0,7
Positive,1,LLGSYADP,2,LLGSYADP,0,8
Positive,1,LLPYSRDDISQQD,1,LLPYSRDDISQQD,0,13
Positive,1,LLSSGYSYAKPGRD,2,LLSSGYSYAKPGRD,0,14
Positive,1,LLYPIAADSLY,1,LLYPIAADSLY,0,11
Positive,1,LMGSAYKNGGLGK,9,LMGSAYKNGGLGK,0,13
Positive,1,LMGYAYKNGGLGK,1,LMGYAYKNGGLGK,0,13
Positive,1,LMIPDKYRTAYD,1,LMIPDKYRTAYD,0,12
Positive,1,LNETLYGAAPG,1,LNETLYGAAPG,0,11
Positive,1,LNRVRPL,6,LNRVRPL,0,7
Positive,1,LNYYPTNL,2,LNYYPTNL,0,8
Positive,1,LPFPYVDG,3,LPFPYVDG,0,8
Positive,1,LPITGPIDAGPS,2,LPITGPIDAGPS,0,12
Positive,1,LPRPPYYGYN,1,LPRPPYYGYN,0,10
Positive,1,LPSPYQH,1,LPSPYQH,0,7
Positive,1,LPSSHS,3,LPSSHS,0,6
Positive,1,LPTLPRGQ,4,LPTLPRGQ,0,8
Positive,1,LPTLSGYA,1,LPTLSGYA,0,8
Positive,1,LPTSYGAETATGYT,3,LPTSYGAETATGYT,0,14
Positive,1,LRGHSPYTYDS,8,LRGHSPYTYDS,0,11
Positive,1,LSATGYTSG,3,LSATGYTSG,0,9
Positive,1,LSDAKYDSDGDSH,1,LSDAKYDSDGDSH,0,13
Positive,1,LSDYLPG,1,LSDYLPG,0,7
Positive,1,LSEGHDGNSQ,1,LSEGHDGNSQ,0,10
Positive,1,LSEVTLPGDGSK,5,LSEVTLPGDGSK,0,12
Positive,1,LSGGDYQRN,2,LSGGDYQRN,0,9
Positive,1,LSGSGDHYD,1,LSGSGDHYD,0,9
Positive,1,LSNDPPPAAASM,3,LSNDPPPAAASM,0,12
Positive,1,LSSGHLGG,2,LSSGHLGG,0,8
Positive,1,LSSGYADG,1,LSSGYADG,0,8
Positive,1,LSSYGG,1,LSSYGG,0,6
Positive,1,LSSYGLPGFDS,2,LSSYGLPGFDS,0,11
Positive,1,LSSYGNSPS,6,LSSYGNSPS,0,9
Positive,1,LSSYHKRLKIG,4,LSSYHKRLKIG,0,11
Positive,1,LSYSGETS,1,LSYSGETS,0,8
Positive,1,LTAYPGERHNT,1,LTAYPGERHNT,0,11
Positive,1,LTHGPPY,1,LTHGPPY,0,7
Positive,1,LTKSHD,4,LTKSHD,0,6
Positive,1,LTLFDAGYDPG,1,LTLFDAGYDPG,0,11
Positive,1,LTRYYSDSSPF,1,LTRYYSDSSPF,0,11
Negative,0,LTSDS,2,LTSDS,0,5
Positive,1,LTSLDNSGLQED,1,LTSLDNSGLQED,0,12
Positive,1,LTSYASLN,2,LTSYASLN,0,8
Positive,1,LVANYDSGP,1,LVANYDSGP,0,9
Positive,1,LVFPYHYAYGGLG,5,LVFPYHYAYGGLG,0,13
Positive,1,LVGYTLDYGSLGTD,1,LVGYTLDYGSLGTD,0,14
Positive,1,LYDEHGSYYA,1,LYDEHGSYYA,0,10
Positive,1,LYGSGDYGLDA,1,LYGSGDYGLDA,0,11
Positive,1,LYGSSYNDYLI,1,LYGSSYNDYLI,0,11
Positive,1,LYGSSYNDYLT,10,LYGSSYNDYLT,0,11
Positive,1,LYGYYKPRYQD,1,LYGYYKPRYQD,0,11
Positive,1,LYLEDSD,3,LYLEDSD,0,7
Positive,1,LYLYMAA,1,LYLYMAA,0,7
Positive,1,LYLYMSAGGP,64,LYLYMSAGGP,0,10
Positive,1,LYLYMSAGSP,1,LYLYMSAGSP,0,10
Positive,1,LYNGGYQVRYNN,19,LYNGGYQVRYNN,0,12
Positive,1,LYPISP,3,LYPISP,0,6
Positive,1,LYPQNDTGQDDLS,2,LYPQNDTGQDDLS,0,13
Positive,1,LYPQSSSEM,1,LYPQSSSEM,0,9
Positive,1,LYPSDGHDPQS,6,LYPSDGHDPQS,0,11
Positive,1,LYQSYFGTPKYA,2,LYQSYFGTPKYA,0,12
Positive,1,LYSYTAYYQMG,1,LYSYTAYYQMG,0,11
Positive,1,LYSYTVYYQMG,1,LYSYTVYYQMG,0,11
Positive,1,LYYGLGGKQSSN,2,LYYGLGGKQSSN,0,12
Negative,0,MADGSI,1,MADGSI,0,6
Positive,1,MAEYYGT,1,MAEYYGT,0,7
Positive,1,MAEYYGTA,4,MAEYYGTA,0,8
Positive,1,MAGRQTR,14,MAGRQTR,0,7
Negative,0,MCDGSM,6,MCDGSM,0,6
Negative,0,MCDVSI,1,MCDVSI,0,6
Negative,0,MCDVSM,1,MCDVSM,0,6
Negative,0,MDDGSM,2,MDDGSM,0,6
Positive,1,MDGGSGYKSGHS,1,MDGGSGYKSGHS,0,12
Positive,1,MDGQAQMGA,1,MDGQAQMGA,0,9
Positive,1,MDGTNSSALSM,13,MDGTNSSALSM,0,11
Positive,1,MDGYGAINGSA,1,MDGYGAINGSA,0,11
Positive,1,MDLYDYPYSSS,3,MDLYDYPYSSS,0,11
Positive,1,MDYDDGFGSYAY,1,MDYDDGFGSYAY,0,12
Positive,1,MDYGRSLDTTPD,1,MDYGRSLDTTPD,0,12
Positive,1,MEPYYYTS,2,MEPYYYTS,0,8
Negative,0,MGAGSM,3,MGAGSM,0,6
Negative,0,MGAGSR,1,MGAGSR,0,6
Negative,0,MGDCSM,4,MGDCSM,0,6
Negative,0,MGDDSM,2,MGDDSM,0,6
Negative,0,MGDGAL,1,MGDGAL,0,6
Negative,0,MGDGAM,8,MGDGAM,0,6
Negative,0,MGDGPM,2,MGDGPM,0,6
Negative,0,MGDGS,1,MGDGS,0,5
Negative,0,MGDGSI,15,MGDGSI,0,6
Negative,0,MGDGSK,2,MGDGSK,0,6
Negative,0,MGDGSL,9,MGDGSL,0,6
Negative,0,MGDGSM,14723,MGDGSM,0,6
Negative,0,MGDGSR,1,MGDGSR,0,6
Negative,0,MGDGST,3,MGDGST,0,6
Negative,0,MGDGSV,3,MGDGSV,0,6
Negative,0,MGDGYM,4,MGDGYM,0,6
Negative,0,MGDRSM,3,MGDRSM,0,6
Negative,0,MGDSSM,3,MGDSSM,0,6
Negative,0,MGDVSM,8,MGDVSM,0,6
Negative,0,MGDYAS,3,MGDYAS,0,6
Negative,0,MGDYPR,1,MGDYPR,0,6
Negative,0,MGEASR,1,MGEASR,0,6
Negative,0,MGEGSM,11,MGEGSM,0,6
Negative,0,MGGGSM,1,MGGGSM,0,6
Positive,1,MGGSQAYTMYLG,1,MGGSQAYTMYLG,0,12
Negative,0,MGHGSM,1,MGHGSM,0,6
Positive,1,MGQHSYKTVDYY,3,MGQHSYKTVDYY,0,12
Positive,1,MGQIYPLYPYSK,1,MGQIYPLYPYSK,0,12
Positive,1,MGRKYY,5,MGRKYY,0,6
Positive,1,MGRVRL,5,MGRVRL,0,6
Positive,1,MGSPAYY,3,MGSPAYY,0,7
Positive,1,MGTYKRSTYG,1,MGTYKRSTYG,0,10
Negative,0,MGVGSM,3,MGVGSM,0,6
Negative,0,MGYGSM,4,MGYGSM,0,6
Positive,1,MGYYHYRYADYA,1,MGYYHYRYADYA,0,12
Positive,1,MISKPG,5,MISKPG,0,6
Positive,1,MLGAIKAD,3,MLGAIKAD,0,8
Positive,1,MLNPYYSYLH,3,MLNPYYSYLH,0,10
Positive,1,MMYGDKV,13,MMYGDKV,0,7
Positive,1,MNYDYDGY,1,MNYDYDGY,0,8
Positive,1,MPGQTTYVEND,4,MPGQTTYVEND,0,11
Positive,1,MPNADVRG,2,MPNADVRG,0,8
Positive,1,MPRYTNI,2,MPRYTNI,0,7
Positive,1,MRAYTGYYYK,1,MRAYTGYYYK,0,10
Negative,0,MRDGSM,1,MRDGSM,0,6
Positive,1,MRSSDSY,1,MRSSDSY,0,7
Positive,1,MRYYGYTGQLS,3,MRYYGYTGQLS,0,11
Negative,0,MSDGSM,1,MSDGSM,0,6
Positive,1,MSSTDAVYYG,3,MSSTDAVYYG,0,10
Negative,0,MVDGSM,7,MVDGSM,0,6
Negative,0,MVDGSR,1,MVDGSR,0,6
Negative,0,MVYGSM,1,MVYGSM,0,6
Positive,1,MYDHHD,1,MYDHHD,0,6
Positive,1,MYGGGALMSARHS,17,MYGGGALMSARHS,0,13
Positive,1,MYGGGASRV,1,MYGGGASRV,0,9
Positive,1,MYNSDNEDYHSS,2,MYNSDNEDYHSS,0,12
Positive,1,MYQSYMYNFYL,1,MYQSYMYNFYL,0,11
Positive,1,MYYYDYASVG,1,MYYYDYASVG,0,10
Positive,1,NDGGSLH,4,NDGGSLH,0,7
Positive,1,NDLGLELS,1,NDLGLELS,0,8
Positive,1,NDLIQGP,1,NDLIQGP,0,7
Positive,1,NDQGYKYPYTA,13,NDQGYKYPYTA,0,11
Positive,1,NEEDGNG,1,NEEDGNG,0,7
Positive,1,NEGEAYADHQA,3,NEGEAYADHQA,0,11
Positive,1,NELGDGSNA,3,NELGDGSNA,0,9
Positive,1,NFESGKAQGYDG,2,NFESGKAQGYDG,0,12
Positive,1,NGDSKGL,3,NGDSKGL,0,7
Positive,1,NGDYFDYGDYHTTY,1,NGDYFDYGDYHTTY,0,14
Positive,1,NGERSYL,2,NGERSYL,0,7
Negative,0,NGGPSPL,14,NGGPSPL,0,7
Positive,1,NGYGAFSSKYTSKH,2,NGYGAFSSKYTSKH,0,14
Positive,1,NGYKHMMDD,1,NGYKHMMDD,0,9
Positive,1,NGYYGTG,2,NGYYGTG,0,7
Positive,1,NKGGPTY,1,NKGGPTY,0,7
Positive,1,NKPQTSYA,6,NKPQTSYA,0,8
Positive,1,NKQYGYMST,4,NKQYGYMST,0,9
Positive,1,NKYLAAP,1,NKYLAAP,0,7
Positive,1,NLYSRPTLQ,11,NLYSRPTLQ,0,9
Positive,1,NMPYNSY,9,NMPYNSY,0,7
Positive,1,NNPSRHYRAAPY,5,NNPSRHYRAAPY,0,12
Positive,1,NNPVDM,4,NNPVDM,0,6
Positive,1,NNYLGGGQDSFGG,1,NNYLGGGQDSFGG,0,13
Positive,1,NPGYYPYRYPS,1,NPGYYPYRYPS,0,11
Positive,1,NPHLKY,3,NPHLKY,0,6
Positive,1,NPLQEAY,1,NPLQEAY,0,7
Positive,1,NPYHMGYGPYN,2,NPYHMGYGPYN,0,11
Positive,1,NQYASKH,1,NQYASKH,0,7
Positive,1,NSAASG,1,NSAASG,0,6
Positive,1,NSDYVYSGYGDY,2,NSDYVYSGYGDY,0,12
Positive,1,NSGDKGKT,1,NSGDKGKT,0,8
Positive,1,NSLGGDG,1,NSLGGDG,0,7
Positive,1,NSRSGRHADHAY,1,NSRSGRHADHAY,0,12
Positive,1,NSRSGRHADQA,81,NSRSGRHADQA,0,11
Positive,1,NTHALQQYSEYI,1,NTHALQQYSEYI,0,12
Positive,1,NVPYGYGRGLFYS,6,NVPYGYGRGLFYS,0,13
Positive,1,NVSSYSR,3,NVSSYSR,0,7
Positive,1,NVTTAPN,2,NVTTAPN,0,7
Positive,1,NYGGYSPYTYDS,1,NYGGYSPYTYDS,0,12
Positive,1,NYGQTDYYTDGTL,1,NYGQTDYYTDGTL,0,13
Positive,1,NYGSYLLEAMYPK,3,NYGSYLLEAMYPK,0,13
Positive,1,NYGYPSYQRLG,1,NYGYPSYQRLG,0,11
Positive,1,NYGYYSY,1,NYGYYSY,0,7
Positive,1,NYMSGKG,3,NYMSGKG,0,7
Positive,1,NYYAYSGY,3,NYYAYSGY,0,8
Positive,1,PAGHGAASPD,1,PAGHGAASPD,0,10
Positive,1,PAHPGYKSAPY,8,PAHPGYKSAPY,0,11
Positive,1,PANSQTQMVKA,1,PANSQTQMVKA,0,11
Positive,1,PAVYMYAHAGKY,3,PAVYMYAHAGKY,0,12
Positive,1,PAYGSPY,1,PAYGSPY,0,7
Positive,1,PCTPKAH,7,PCTPKAH,0,7
Positive,1,PDGAYDD,4,PDGAYDD,0,7
Positive,1,PDGTGGLG,9,PDGTGGLG,0,8
Positive,1,PDRSQGQTYY,1,PDRSQGQTYY,0,10
Positive,1,PDSDYMYI,2,PDSDYMYI,0,8
Positive,1,PDYGYKAYGSYL,3,PDYGYKAYGSYL,0,12
Positive,1,PDYKLDDA,1,PDYKLDDA,0,8
Positive,1,PDYKLEDA,1,PDYKLEDA,0,8
Positive,1,PDYSSLV,2,PDYSSLV,0,7
Positive,1,PDYTKSSS,1,PDYTKSSS,0,8
Positive,1,PDYYHMDAS,2,PDYYHMDAS,0,9
Positive,1,PERDRDMTK,1,PERDRDMTK,0,9
Positive,1,PFGYFTSPY,3,PFGYFTSPY,0,9
Positive,1,PFHLKHYPS,20,PFHLKHYPS,0,9
Negative,0,PFPFYDLY,1,PFPFYDLY,0,8
Positive,1,PFSKQQGD,2,PFSKQQGD,0,8
Positive,1,PFYSIPTPPYFGRK,1,PFYSIPTPPYFGRK,0,14
Positive,1,PGAASIKYHY,3,PGAASIKYHY,0,10
Positive,1,PGAYSPRL,10,PGAYSPRL,0,8
Positive,1,PGDAENAYAQQLKP,1,PGDAENAYAQQLKP,0,14
Positive,1,PGDAENDYAQQLKP,2,PGDAENDYAQQLKP,0,14
Positive,1,PGDSADLD,2,PGDSADLD,0,8
Positive,1,PGDYYGPDG,2,PGDYYGPDG,0,9
Positive,1,PGGAPTPPYP,3,PGGAPTPPYP,0,10
Positive,1,PGGSKGR,5,PGGSKGR,0,7
Positive,1,PGHTGSSSY,3,PGHTGSSSY,0,9
Positive,1,PGPRKMHN,8,PGPRKMHN,0,8
Positive,1,PGRQGAK,2,PGRQGAK,0,7
Positive,1,PGRSYK,1,PGRSYK,0,6
Positive,1,PGRYMPSDIFN,14,PGRYMPSDIFN,0,11
Positive,1,PGSYITSADS,1,PGSYITSADS,0,10
Positive,1,PGSYMNG,1,PGSYMNG,0,7
Positive,1,PGSYMYYN,1,PGSYMYYN,0,8
Positive,1,PGVPYSY,1,PGVPYSY,0,7
Positive,1,PGVYSPQGAAS,1,PGVYSPQGAAS,0,11
Positive,1,PGYSMDYYGYP,25,PGYSMDYYGYP,0,11
Positive,1,PHQAGPG,1,PHQAGPG,0,7
Positive,1,PIDYPS,8,PIDYPS,0,6
Positive,1,PIYSHVGQRYS,7,PIYSHVGQRYS,0,11
Positive,1,PIYSHVGQRYSTQND,1,PIYSHVGQRYSTQND,0,15
Positive,1,PKAGAYY,8,PKAGAYY,0,7
Positive,1,PKGRYYPS,3,PKGRYYPS,0,8
Positive,1,PKLYGAKTQTF,1,PKLYGAKTQTF,0,11
Positive,1,PKPMFYS,1,PKPMFYS,0,7
Positive,1,PKQQYS,2,PKQQYS,0,6
Positive,1,PKQSDYMYAPL,2,PKQSDYMYAPL,0,11
Positive,1,PKYYGYTLHHLP,3,PKYYGYTLHHLP,0,12
Positive,1,PLGRGIG,19,PLGRGIG,0,7
Positive,1,PLTYKL,1,PLTYKL,0,6
Positive,1,PMPVQYKS,1,PMPVQYKS,0,8
Positive,1,PNHSTGYGYSM,2,PNHSTGYGYSM,0,11
Positive,1,PNRSSFKMY,3,PNRSSFKMY,0,9
Positive,1,PNYHTN,3,PNYHTN,0,6
Positive,1,PPFVYSDK,1,PPFVYSDK,0,8
Positive,1,PPGAYSTY,1,PPGAYSTY,0,8
Positive,1,PPGGHYHQRA,1,PPGGHYHQRA,0,10
Positive,1,PPHSYN,14,PPHSYN,0,6
Positive,1,PPPYIYYYKVFYA,1,PPPYIYYYKVFYA,0,13
Positive,1,PPQQSNNEYGG,1,PPQQSNNEYGG,0,11
Positive,1,PPSYSHDEIPFL,1,PPSYSHDEIPFL,0,12
Positive,1,PPYGTSG,2,PPYGTSG,0,7
Positive,1,PPYYDPGG,2,PPYYDPGG,0,8
Positive,1,PPYYDPGGM,1,PPYYDPGGM,0,9
Positive,1,PPYYKDPY,1,PPYYKDPY,0,8
Positive,1,PPYYSYAI,2,PPYYSYAI,0,8
Positive,1,PRATTNGYYY,1,PRATTNGYYY,0,10
Positive,1,PRLAYNS,1,PRLAYNS,0,7
Positive,1,PRYLSGPN,1,PRYLSGPN,0,8
Negative,0,PSEAGSDGEY,2,PSEAGSDGEY,0,10
Positive,1,PSFLYKS,1,PSFLYKS,0,7
Positive,1,PSGAYYLE,4,PSGAYYLE,0,8
Positive,1,PSGGAYQSYQPGG,1,PSGGAYQSYQPGG,0,13
Positive,1,PSGHHHASGL,2,PSGHHHASGL,0,10
Positive,1,PSKYLDYDQTG,1,PSKYLDYDQTG,0,11
Positive,1,PSKYSYPYLYS,2,PSKYSYPYLYS,0,11
Positive,1,PSLSTLAMYYDSD,1,PSLSTLAMYYDSD,0,13
Positive,1,PSMKIYGMPY,2,PSMKIYGMPY,0,10
Positive,1,PSMQGSKALAYFY,3,PSMQGSKALAYFY,0,13
Positive,1,PSPDSGGHH,1,PSPDSGGHH,0,9
Positive,1,PSPLYYHPK,7,PSPLYYHPK,0,9
Positive,1,PSPTPH,3,PSPTPH,0,6
Positive,1,PSPVPGGG,1,PSPVPGGG,0,8
Positive,1,PSPYSYY,1,PSPYSYY,0,7
Positive,1,PSQVVLSYPYTD,1,PSQVVLSYPYTD,0,12
Positive,1,PSQYSYY,1,PSQYSYY,0,7
Positive,1,PSRLSE,2,PSRLSE,0,6
Positive,1,PSRTLPSGGY,1,PSRTLPSGGY,0,10
Positive,1,PSSPSSYSTDPH,1,PSSPSSYSTDPH,0,12
Positive,1,PSSTGRY,3,PSSTGRY,0,7
Positive,1,PSSYYSD,1,PSSYYSD,0,7
Positive,1,PSTGPTER,1,PSTGPTER,0,8
Positive,1,PSTPARI,4,PSTPARI,0,7
Positive,1,PSVTLGNSY,3,PSVTLGNSY,0,9
Positive,1,PSYAATN,4,PSYAATN,0,7
Positive,1,PSYAYAYSTLG,1,PSYAYAYSTLG,0,11
Positive,1,PSYAYES,1,PSYAYES,0,7
Positive,1,PSYYPKS,3,PSYYPKS,0,7
Positive,1,PTAKKMH,1,PTAKKMH,0,7
Positive,1,PTATRSDQTYNGK,1,PTATRSDQTYNGK,0,13
Positive,1,PTDAPKSISYSY,1,PTDAPKSISYSY,0,12
Positive,1,PTGDGDAY,5,PTGDGDAY,0,8
Positive,1,PTGGGYT,1,PTGGGYT,0,7
Positive,1,PTGGYEYSY,1,PTGGYEYSY,0,9
Positive,1,PTGGYGDFY,1,PTGGYGDFY,0,9
Positive,1,PTGYAA,1,PTGYAA,0,6
Positive,1,PTGYYS,1,PTGYYS,0,6
Positive,1,PTGYYTGQVDGPG,5,PTGYYTGQVDGPG,0,13
Positive,1,PTHGSGN,2,PTHGSGN,0,7
Positive,1,PTKLSYPYGRGY,3,PTKLSYPYGRGY,0,12
Positive,1,PTLGRLH,3,PTLGRLH,0,7
Positive,1,PTLYHMRPS,1,PTLYHMRPS,0,9
Positive,1,PTLYSLSRY,1,PTLYSLSRY,0,9
Positive,1,PTPSPIPD,7,PTPSPIPD,0,8
Positive,1,PTRQYGA,3,PTRQYGA,0,7
Positive,1,PTSNNHV,2,PTSNNHV,0,7
Positive,1,PTTADMD,1,PTTADMD,0,7
Positive,1,PTTRTFD,1,PTTRTFD,0,7
Positive,1,PTYLGYYSESY,2,PTYLGYYSESY,0,11
Positive,1,PTYLING,5,PTYLING,0,7
Positive,1,PTYQPSDEDG,1,PTYQPSDEDG,0,10
Positive,1,PTYSYQTFPY,3,PTYSYQTFPY,0,10
Positive,1,PVSYTYQ,1,PVSYTYQ,0,7
Positive,1,PVVGGY,2,PVVGGY,0,6
Positive,1,PYAGSYD,1,PYAGSYD,0,7
Positive,1,PYAYYSGYK,1,PYAYYSGYK,0,9
Positive,1,PYEYGLF,1,PYEYGLF,0,7
Positive,1,PYFPGAP,2,PYFPGAP,0,7
Positive,1,PYGISYYS,3,PYGISYYS,0,8
Positive,1,PYGRLSGE,1,PYGRLSGE,0,8
Positive,1,PYGSSYMYLAG,1,PYGSSYMYLAG,0,11
Positive,1,PYGYSSYYTIL,1,PYGYSSYYTIL,0,11
Positive,1,PYGYYKPRYQD,1,PYGYYKPRYQD,0,11
Positive,1,PYIQVPI,2,PYIQVPI,0,7
Positive,1,PYKYSSRYYLG,6,PYKYSSRYYLG,0,11
Positive,1,PYPPSYY,3,PYPPSYY,0,7
Positive,1,PYQPFSYSQN,1,PYQPFSYSQN,0,10
Positive,1,PYQYYFIVLTDSQ,1,PYQYYFIVLTDSQ,0,13
Positive,1,PYRYLNG,8,PYRYLNG,0,7
Positive,1,PYSYNGYMPPYH,1,PYSYNGYMPPYH,0,12
Positive,1,PYSYSSK,2,PYSYSSK,0,7
Positive,1,PYTDSGTS,2,PYTDSGTS,0,8
Positive,1,PYYASKDH,7,PYYASKDH,0,8
Positive,1,PYYGGDPYELLSD,8,PYYGGDPYELLSD,0,13
Positive,1,PYYPNLY,8,PYYPNLY,0,7
Positive,1,PYYTAYLSYRLT,2,PYYTAYLSYRLT,0,12
Positive,1,PYYTSY,1,PYYTSY,0,6
Positive,1,PYYVTAMK,4,PYYVTAMK,0,8
Positive,1,QAGSYE,2,QAGSYE,0,6
Positive,1,QAGTGGPYYGMT,1,QAGTGGPYYGMT,0,12
Positive,1,QANSTKYR,2,QANSTKYR,0,8
Positive,1,QAPSHYYKEYGRLSK,8,QAPSHYYKEYGRLSK,0,15
Positive,1,QASDTS,2,QASDTS,0,6
Positive,1,QATTRPR,1,QATTRPR,0,7
Positive,1,QAYYGPPR,2,QAYYGPPR,0,8
Positive,1,QDASSSGPALD,3,QDASSSGPALD,0,11
Positive,1,QDDNPPG,1,QDDNPPG,0,7
Positive,1,QDGSDGQGN,1,QDGSDGQGN,0,9
Positive,1,QDGVYAPYSY,6,QDGVYAPYSY,0,10
Positive,1,QDSQSYDSLNLSKA,1,QDSQSYDSLNLSKA,0,14
Positive,1,QDYSQGYGS,4,QDYSQGYGS,0,9
Positive,1,QEGYKYGYQ,2,QEGYKYGYQ,0,9
Positive,1,QESDDPGVVQIGLFDS,1,QESDDPGVVQIGLFDS,0,16
Positive,1,QEYSQGYGS,1,QEYSQGYGS,0,9
Positive,1,QGAPYVTGSSLN,4,QGAPYVTGSSLN,0,12
Positive,1,QGGGYDSYSDN,5,QGGGYDSYSDN,0,11
Positive,1,QGGGYDSYTDN,1,QGGGYDSYTDN,0,11
Positive,1,QGGHAM,1,QGGHAM,0,6
Positive,1,QGGIYKHHD,2,QGGIYKHHD,0,9
Positive,1,QGKHMDY,1,QGKHMDY,0,7
Positive,1,QGNGSLYI,2,QGNGSLYI,0,8
Positive,1,QGPLYEY,1,QGPLYEY,0,7
Positive,1,QGPYYHATSPL,1,QGPYYHATSPL,0,11
Positive,1,QGQDGVQ,7,QGQDGVQ,0,7
Positive,1,QGRGPTTKY,8,QGRGPTTKY,0,9
Positive,1,QGRHYYPY,2,QGRHYYPY,0,8
Positive,1,QGRRSQ,3,QGRRSQ,0,6
Positive,1,QGSNSSLNT,1,QGSNSSLNT,0,9
Positive,1,QGTSYIANTGVH,2,QGTSYIANTGVH,0,12
Positive,1,QGTYSK,1,QGTYSK,0,6
Positive,1,QIQDGATSYS,1,QIQDGATSYS,0,10
Positive,1,QKSNGFD,6,QKSNGFD,0,7
Positive,1,QLGRKIAY,3,QLGRKIAY,0,8
Positive,1,QLPISYS,1,QLPISYS,0,7
Negative,0,QLSISN,7,QLSISN,0,6
Positive,1,QLYYDADPS,1,QLYYDADPS,0,9
Positive,1,QPGHDSSPD,4,QPGHDSSPD,0,9
Positive,1,QPIQNPKDDMV,1,QPIQNPKDDMV,0,11
Positive,1,QPQYPDEYYLS,1,QPQYPDEYYLS,0,11
Positive,1,QPSYNL,1,QPSYNL,0,6
Positive,1,QPYYAGNPS,1,QPYYAGNPS,0,9
Positive,1,QRHDGDAYDEQ,3,QRHDGDAYDEQ,0,11
Positive,1,QRSYPSS,1,QRSYPSS,0,7
Positive,1,QSGAPYMD,1,QSGAPYMD,0,8
Positive,1,QSGLDYDAAAAG,2,QSGLDYDAAAAG,0,12
Positive,1,QSHDSQGSAAAY,1,QSHDSQGSAAAY,0,12
Positive,1,QSLDGG,1,QSLDGG,0,6
Positive,1,QSRSNQGTL,1,QSRSNQGTL,0,9
Positive,1,QSSLDYDAAAAG,1,QSSLDYDAAAAG,0,12
Positive,1,QSSYLLD,1,QSSYLLD,0,7
Positive,1,QSTPYYLDGP,2,QSTPYYLDGP,0,10
Positive,1,QSTTSAG,1,QSTTSAG,0,7
Positive,1,QSVDGG,2,QSVDGG,0,6
Positive,1,QSYDYDYL,1,QSYDYDYL,0,8
Positive,1,QSYGQRG,1,QSYGQRG,0,7
Positive,1,QTDPSY,4,QTDPSY,0,6
Positive,1,QTGDGDAY,1,QTGDGDAY,0,8
Positive,1,QTGYSYARYGSA,2,QTGYSYARYGSA,0,12
Positive,1,QTPTSYGQDG,1,QTPTSYGQDG,0,10
Positive,1,QVELYLSPPYD,2,QVELYLSPPYD,0,11
Positive,1,QVHDMSAP,1,QVHDMSAP,0,8
Positive,1,QVMQDTNTSSY,2,QVMQDTNTSSY,0,11
Positive,1,QYAYSYSYKHM,2,QYAYSYSYKHM,0,11
Negative,0,QYESY,1,QYESY,0,5
Positive,1,QYGSYNTYPD,1,QYGSYNTYPD,0,10
Positive,1,QYKYGQSN,1,QYKYGQSN,0,8
Positive,1,QYRYGGGLGANDYNS,1,QYRYGGGLGANDYNS,0,15
Positive,1,QYRYGGGYDHS,91,QYRYGGGYDHS,0,11
Positive,1,QYRYLPK,2,QYRYLPK,0,7
Positive,1,QYSEID,1,QYSEID,0,6
Positive,1,QYSGETLFTYRG,2,QYSGETLFTYRG,0,12
Negative,0,QYSPYDEP,1,QYSPYDEP,0,8
Positive,1,QYSYPSYT,1,QYSYPSYT,0,8
Negative,0,QYY,1,QYY,0,3
Positive,1,QYYRYPYGFS,2,QYYRYPYGFS,0,10
Positive,1,RADGPYKNIDYGYP,1,RADGPYKNIDYGYP,0,14
Positive,1,RADGPYKYIDYGYP,5,RADGPYKYIDYGYP,0,14
Positive,1,RADSGGG,1,RADSGGG,0,7
Positive,1,RASSYNPYT,31,RASSYNPYT,0,9
Positive,1,RAVTYSSYY,4,RAVTYSSYY,0,9
Positive,1,RAYGVLYGTSDQ,1,RAYGVLYGTSDQ,0,12
Positive,1,RAYYGHP,3,RAYYGHP,0,7
Positive,1,RAYYYSDGTK,2,RAYYYSDGTK,0,10
Positive,1,RDAGQKYSS,4,RDAGQKYSS,0,9
Positive,1,RDHHGPFYFSYYES,1,RDHHGPFYFSYYES,0,14
Positive,1,RDMITRYYTLVG,4,RDMITRYYTLVG,0,12
Positive,1,RDPHGPYS,16,RDPHGPYS,0,8
Positive,1,RDPQRPYY,1,RDPQRPYY,0,8
Positive,1,RDYAGPS,7,RDYAGPS,0,7
Negative,0,RDYAS,1,RDYAS,0,5
Positive,1,RESPSYYYTLSS,2,RESPSYYYTLSS,0,12
Positive,1,RFDPDAK,2,RFDPDAK,0,7
Positive,1,RGAFYAY,1,RGAFYAY,0,7
Negative,0,RGAGSM,1,RGAGSM,0,6
Negative,0,RGDGAM,1,RGDGAM,0,6
Negative,0,RGDGSM,149,RGDGSM,0,6
Negative,0,RGDGTM,1,RGDGTM,0,6
Negative,0,RGDVSM,1,RGDVSM,0,6
Negative,0,RGEGSM,5,RGEGSM,0,6
Positive,1,RGGPSS,1,RGGPSS,0,6
Positive,1,RGGTNDN,1,RGGTNDN,0,7
Positive,1,RGVKSVYYIYHSR,12,RGVKSVYYIYHSR,0,13
Positive,1,RGYGDL,1,RGYGDL,0,6
Positive,1,RGYSIYQYQNSA,1,RGYSIYQYQNSA,0,12
Positive,1,RGYYSSA,3,RGYYSSA,0,7
Positive,1,RHSYYTY,3,RHSYYTY,0,7
Positive,1,RIRYPEQKGLGLFH,2,RIRYPEQKGLGLFH,0,14
Positive,1,RKAYKNPS,1,RKAYKNPS,0,8
Positive,1,RKGSYDYLN,6,RKGSYDYLN,0,9
Positive,1,RKISGSSG,3,RKISGSSG,0,8
Positive,1,RKLSSGS,1,RKLSSGS,0,7
Positive,1,RKMGYFADPH,5,RKMGYFADPH,0,10
Positive,1,RKYKSNVYQYNYD,17,RKYKSNVYQYNYD,0,13
Positive,1,RLAYAYN,2,RLAYAYN,0,7
Positive,1,RLAYGRGLNGL,1,RLAYGRGLNGL,0,11
Positive,1,RLAYTYQLGYSLAY,2,RLAYTYQLGYSLAY,0,14
Positive,1,RLEQLSE,1,RLEQLSE,0,7
Positive,1,RLGPLYQN,3,RLGPLYQN,0,8
Positive,1,RLHSYMTN,2,RLHSYMTN,0,8
Positive,1,RLYGYNGYGFTY,3,RLYGYNGYGFTY,0,12
Positive,1,RLYPTY,1,RLYPTY,0,6
Positive,1,RLYYYGSAAYP,2,RLYYYGSAAYP,0,11
Positive,1,RMIGRAIYITA,25,RMIGRAIYITA,0,11
Positive,1,RNGQVYYY,2,RNGQVYYY,0,8
Positive,1,RNRATTQSQNT,1,RNRATTQSQNT,0,11
Positive,1,RNTYYPS,7,RNTYYPS,0,7
Positive,1,RPGIDKIPQGSG,4,RPGIDKIPQGSG,0,12
Positive,1,RPGYSDKY,1,RPGYSDKY,0,8
Positive,1,RPMQRD,2,RPMQRD,0,6
Positive,1,RPMSGISSNAY,8,RPMSGISSNAY,0,11
Positive,1,RPYAYG,3,RPYAYG,0,6
Positive,1,RPYAYGQ,1,RPYAYGQ,0,7
Positive,1,RPYAYN,1,RPYAYN,0,6
Positive,1,RQARYMG,2,RQARYMG,0,7
Positive,1,RQSYKNAY,3,RQSYKNAY,0,8
Positive,1,RQYPTMVTRLL,8,RQYPTMVTRLL,0,11
Positive,1,RRDPDSSQE,7,RRDPDSSQE,0,9
Positive,1,RSGDSP,4,RSGDSP,0,6
Positive,1,RSGSVQGYLPA,6,RSGSVQGYLPA,0,11
Positive,1,RSMYQA,1,RSMYQA,0,6
Positive,1,RSMYQRYSYVY,17,RSMYQRYSYVY,0,11
Positive,1,RSMYQRYYLPT,1,RSMYQRYYLPT,0,11
Positive,1,RSPPTTGYSSHY,2,RSPPTTGYSSHY,0,12
Positive,1,RSPSTYYH,1,RSPSTYYH,0,8
Positive,1,RSPSTYYR,6,RSPSTYYR,0,8
Positive,1,RSSYAGYPGD,1,RSSYAGYPGD,0,10
Positive,1,RSYGSGAASYLH,3,RSYGSGAASYLH,0,12
Positive,1,RSYSPSKY,2,RSYSPSKY,0,8
Positive,1,RTGGTQM,1,RTGGTQM,0,7
Positive,1,RTGYFHE,5,RTGYFHE,0,7
Positive,1,RTTHKDLLG,4,RTTHKDLLG,0,9
Positive,1,RTYGYSGYGMIPT,1,RTYGYSGYGMIPT,0,13
Positive,1,RTYLDAL,7,RTYLDAL,0,7
Positive,1,RTYQRAYPFDY,2,RTYQRAYPFDY,0,11
Positive,1,RVNYALDSGYRGA,2,RVNYALDSGYRGA,0,13
Positive,1,RVNYAVTL,16,RVNYAVTL,0,8
Positive,1,RVNYAVTR,1,RVNYAVTR,0,8
Positive,1,RYAYMLAGYYSENY,8,RYAYMLAGYYSENY,0,14
Positive,1,RYDGDDKL,1,RYDGDDKL,0,8
Positive,1,RYGAIYYIYF,9,RYGAIYYIYF,0,10
Positive,1,RYGDGYSDM,7,RYGDGYSDM,0,9
Positive,1,RYGFGM,3,RYGFGM,0,6
Positive,1,RYGGDLY,5,RYGGDLY,0,7
Positive,1,RYGHYTRATT,1,RYGHYTRATT,0,10
Positive,1,RYGQYTRATS,9,RYGQYTRATS,0,10
Positive,1,RYGYDQT,6,RYGYDQT,0,7
Positive,1,RYGYGASTGGFGY,2,RYGYGASTGGFGY,0,13
Positive,1,RYGYRD,2,RYGYRD,0,6
Positive,1,RYGYSH,12,RYGYSH,0,6
Positive,1,RYGYTDPDSV,1,RYGYTDPDSV,0,10
Positive,1,RYGYTDPDYYHMDAS,1,RYGYTDPDYYHMDAS,0,15
Positive,1,RYGYVSKYDLDG,1,RYGYVSKYDLDG,0,12
Positive,1,RYGYYLLPA,2,RYGYYLLPA,0,9
Positive,1,RYKHGYD,5,RYKHGYD,0,7
Positive,1,RYKTKNSSPG,3,RYKTKNSSPG,0,10
Positive,1,RYPGMQGYY,1,RYPGMQGYY,0,9
Positive,1,RYPIPY,2,RYPIPY,0,6
Positive,1,RYPQRPT,2,RYPQRPT,0,7
Positive,1,RYQGESGSRG,1,RYQGESGSRG,0,10
Positive,1,RYSSGHL,1,RYSSGHL,0,7
Positive,1,RYSSIS,1,RYSSIS,0,6
Positive,1,RYTGSLTLH,5,RYTGSLTLH,0,9
Positive,1,RYYGPYQG,3,RYYGPYQG,0,8
Positive,1,RYYGYDQNEQPY,3,RYYGYDQNEQPY,0,12
Positive,1,RYYKGMGLGYSLD,10,RYYKGMGLGYSLD,0,13
Positive,1,RYYQSGSY,5,RYYQSGSY,0,8
Positive,1,SADTYSYMGGY,2,SADTYSYMGGY,0,11
Positive,1,SADVYGGTG,1,SADVYGGTG,0,9
Positive,1,SAGPYPYYH,3,SAGPYPYYH,0,9
Positive,1,SAGYQGN,1,SAGYQGN,0,7
Positive,1,SALPSLG,1,SALPSLG,0,7
Negative,0,SALSSS,1,SALSSS,0,6
Negative,0,SALYSS,5,SALYSS,0,6
Positive,1,SAMMFAM,2,SAMMFAM,0,7
Positive,1,SARGHA,1,SARGHA,0,6
Positive,1,SASDDYY,2,SASDDYY,0,7
Positive,1,SAYARV,3,SAYARV,0,6
Positive,1,SAYDYPD,2,SAYDYPD,0,7
Positive,1,SAYGALSHDY,1,SAYGALSHDY,0,10
Positive,1,SAYGGS,1,SAYGGS,0,6
Positive,1,SAYSYYR,1,SAYSYYR,0,7
Positive,1,SDAFKHGLPTYT,41,SDAFKHGLPTYT,0,12
Positive,1,SDAIKHGLPTYT,1,SDAIKHGLPTYT,0,12
Positive,1,SDALPYVGSDA,1,SDALPYVGSDA,0,11
Positive,1,SDARFCRS,3,SDARFCRS,0,8
Positive,1,SDDADG,1,SDDADG,0,6
Positive,1,SDDASIDTSYTT,4,SDDASIDTSYTT,0,12
Positive,1,SDDGAASLDIASMP,11,SDDGAASLDIASMP,0,14
Positive,1,SDDLLAYG,2,SDDLLAYG,0,8
Positive,1,SDESGTSSTQFP,2,SDESGTSSTQFP,0,12
Positive,1,SDGADALL,2,SDGADALL,0,8
Positive,1,SDGDSTSPLYD,2,SDGDSTSPLYD,0,11
Positive,1,SDGGGAS,1,SDGGGAS,0,7
Positive,1,SDGGGSKSS,4,SDGGGSKSS,0,9
Positive,1,SDHSYKSY,1,SDHSYKSY,0,8
Positive,1,SDIGDLQRS,1,SDIGDLQRS,0,9
Positive,1,SDLYGSS,3,SDLYGSS,0,7
Positive,1,SDPGRRIFGASPT,2,SDPGRRIFGASPT,0,13
Positive,1,SDPLSSPDDAY,3,SDPLSSPDDAY,0,11
Positive,1,SDSFKHGLPNYT,1,SDSFKHGLPNYT,0,12
Positive,1,SDSHNHP,1,SDSHNHP,0,7
Positive,1,SDSPEGEDED,2,SDSPEGEDED,0,10
Positive,1,SDSQYYSYLDS,4,SDSQYYSYLDS,0,11
Positive,1,SDSSSH,1,SDSSSH,0,6
Positive,1,SDSTSFMT,2,SDSTSFMT,0,8
Positive,1,SDSTSLKGLKS,4,SDSTSLKGLKS,0,11
Positive,1,SDSYSSQGN,5,SDSYSSQGN,0,9
Positive,1,SDTDPPDGGYAYPA,6,SDTDPPDGGYAYPA,0,14
Positive,1,SDTDPPDGGYSYPA,1,SDTDPPDGGYSYPA,0,14
Positive,1,SDTGYLGTTSG,1,SDTGYLGTTSG,0,11
Positive,1,SDYDGL,1,SDYDGL,0,6
Positive,1,SDYGSGKLT,3,SDYGSGKLT,0,9
Positive,1,SDYSPLPP,1,SDYSPLPP,0,8
Positive,1,SDYTSSHDDESSH,5,SDYTSSHDDESSH,0,13
Positive,1,SEATGHGGS,1,SEATGHGGS,0,9
Positive,1,SEEGDVT,1,SEEGDVT,0,7
Positive,1,SEHGQADGQ,1,SEHGQADGQ,0,9
Negative,0,SEHS,14,SEHS,0,4
Positive,1,SEITAYDGDYA,2,SEITAYDGDYA,0,11
Positive,1,SELYSQKSQQA,1,SELYSQKSQQA,0,11
Positive,1,SESSQDVV,3,SESSQDVV,0,8
Negative,0,SFAFYDLY,3,SFAFYDLY,0,8
Positive,1,SFPDSP,1,SFPDSP,0,6
Negative,0,SFPFSDLY,8,SFPFSDLY,0,8
Negative,0,SFPFYALY,2,SFPFYALY,0,8
Negative,0,SFPFYDLD,2,SFPFYDLD,0,8
Negative,0,SFPFYDLM,1,SFPFYDLM,0,8
Negative,0,SFPFYDLN,1,SFPFYDLN,0,8
Negative,0,SFPFYDLS,9,SFPFYDLS,0,8
Negative,0,SFPFYDLY,4877,SFPFYDLY,0,8
Negative,0,SFPFYDLYSS,4,SFPFYDLYSS,0,10
Negative,0,SFPFYDMY,7,SFPFYDMY,0,8
Negative,0,SFPFYDQY,1,SFPFYDQY,0,8
Negative,0,SFPFYDRY,3,SFPFYDRY,0,8
Negative,0,SFPFYELY,7,SFPFYELY,0,8
Negative,0,SFPFYVLY,1,SFPFYVLY,0,8
Negative,0,SFPFYYLY,5,SFPFYYLY,0,8
Negative,0,SFPGYDLY,1,SFPGYDLY,0,8
Negative,0,SFPLYDLY,2,SFPLYDLY,0,8
Negative,0,SFPVSDLY,1,SFPVSDLY,0,8
Negative,0,SFPVYDLY,3,SFPVYDLY,0,8
Negative,0,SFPYYDLY,1,SFPYYDLY,0,8
Negative,0,SFQFYDLY,1,SFQFYDLY,0,8
Positive,1,SFQYLYA,2,SFQYLYA,0,7
Negative,0,SFSFYDLY,1,SFSFYDLY,0,8
Positive,1,SFSSSPL,1,SFSSSPL,0,7
Negative,0,SFTFYDLY,9,SFTFYDLY,0,8
Negative,0,SFTFYYLY,1,SFTFYYLY,0,8
Positive,1,SFYMLIRA,14,SFYMLIRA,0,8
Positive,1,SGAAYSYDQY,3,SGAAYSYDQY,0,10
Positive,1,SGAGQY,2,SGAGQY,0,6
Positive,1,SGDGPN,3,SGDGPN,0,6
Positive,1,SGDPDTGSSSY,1,SGDPDTGSSSY,0,11
Positive,1,SGDSSSDAF,1,SGDSSSDAF,0,9
Positive,1,SGESMQSL,5,SGESMQSL,0,8
Positive,1,SGGGPVDL,5,SGGGPVDL,0,8
Positive,1,SGGKGD,1,SGGKGD,0,6
Positive,1,SGGKYAA,1,SGGKYAA,0,7
Positive,1,SGGPQG,8,SGGPQG,0,6
Positive,1,SGGSSSP,1,SGGSSSP,0,7
Positive,1,SGIATVD,1,SGIATVD,0,7
Positive,1,SGKSLYQKYHP,1,SGKSLYQKYHP,0,11
Positive,1,SGMDHYSSDNA,1,SGMDHYSSDNA,0,11
Positive,1,SGMGSLHYSQHAP,2,SGMGSLHYSQHAP,0,13
Positive,1,SGMYSTRNGQD,1,SGMYSTRNGQD,0,11
Positive,1,SGNTNYGTA,1,SGNTNYGTA,0,9
Positive,1,SGQYTGGN,1,SGQYTGGN,0,8
Positive,1,SGQYYGDYDGASYP,1,SGQYYGDYDGASYP,0,14
Positive,1,SGSASYGGDTQHKY,2,SGSASYGGDTQHKY,0,14
Positive,1,SGSPTGYYYYDTL,1,SGSPTGYYYYDTL,0,13
Positive,1,SGSSATIS,1,SGSSATIS,0,8
Positive,1,SGSTDYE,1,SGSTDYE,0,7
Positive,1,SGSTVGYYTQGYA,6,SGSTVGYYTQGYA,0,13
Positive,1,SGSYFPDYDGY,2,SGSYFPDYDGY,0,11
Positive,1,SGSYTAT,3,SGSYTAT,0,7
Positive,1,SGTGGY,1,SGTGGY,0,6
Positive,1,SGVDDN,4,SGVDDN,0,6
Positive,1,SGYALQRA,8,SGYALQRA,0,8
Positive,1,SGYGAG,1,SGYGAG,0,6
Positive,1,SGYGGPYKS,2,SGYGGPYKS,0,9
Positive,1,SGYIKNT,1,SGYIKNT,0,7
Positive,1,SGYSSTSL,1,SGYSSTSL,0,8
Positive,1,SGYYRQHPY,2,SGYYRQHPY,0,9
Positive,1,SHDGQEG,1,SHDGQEG,0,7
Positive,1,SHHRASS,2,SHHRASS,0,7
Positive,1,SHKYPTNPK,6,SHKYPTNPK,0,9
Positive,1,SHPGNPSKYYQF,1,SHPGNPSKYYQF,0,12
Positive,1,SHQGNPSKYYQF,6,SHQGNPSKYYQF,0,12
Positive,1,SHYSTTVQ,1,SHYSTTVQ,0,8
Positive,1,SIDESASSDPPGG,1,SIDESASSDPPGG,0,13
Positive,1,SIKYGPSS,1,SIKYGPSS,0,8
Negative,0,SIPFYDLY,2,SIPFYDLY,0,8
Positive,1,SISSKGTAPY,3,SISSKGTAPY,0,10
Positive,1,SIYPSYYPGDA,1,SIYPSYYPGDA,0,11
Positive,1,SKAKPA,1,SKAKPA,0,6
Positive,1,SKGQPEDY,3,SKGQPEDY,0,8
Positive,1,SKHGKLYSG,4,SKHGKLYSG,0,9
Positive,1,SKPYLYYPY,2,SKPYLYYPY,0,9
Positive,1,SKSLKKDY,2,SKSLKKDY,0,8
Positive,1,SKYYGYTLHHLP,1,SKYYGYTLHHLP,0,12
Positive,1,SLDMKSAS,1,SLDMKSAS,0,8
Positive,1,SLDYSTASGAD,1,SLDYSTASGAD,0,11
Positive,1,SLGYGYYAYRLKS,2,SLGYGYYAYRLKS,0,13
Positive,1,SLGYLSLFGYSGM,1,SLGYLSLFGYSGM,0,13
Positive,1,SLIPHMMARY,1,SLIPHMMARY,0,10
Positive,1,SLLIPS,1,SLLIPS,0,6
Negative,0,SLPFYDLY,2,SLPFYDLY,0,8
Negative,0,SLPFYDMY,1,SLPFYDMY,0,8
Positive,1,SLPRDSYYVRHRN,47,SLPRDSYYVRHRN,0,13
Positive,1,SLSDMDL,4,SLSDMDL,0,7
Positive,1,SLSYPDGGQRPN,1,SLSYPDGGQRPN,0,12
Positive,1,SLYAYSGG,1,SLYAYSGG,0,8
Positive,1,SLYSYGGRY,1,SLYSYGGRY,0,9
Positive,1,SMEPTALRA,1,SMEPTALRA,0,9
Positive,1,SMLELMTYNGSM,1,SMLELMTYNGSM,0,12
Positive,1,SMNVKA,8,SMNVKA,0,6
Positive,1,SMVHGPSKANAG,1,SMVHGPSKANAG,0,12
Positive,1,SNADKMNN,2,SNADKMNN,0,8
Positive,1,SNADSNYGS,1,SNADSNYGS,0,9
Positive,1,SNDASPG,2,SNDASPG,0,7
Positive,1,SNLIFGL,2,SNLIFGL,0,7
Positive,1,SNLSTGG,1,SNLSTGG,0,7
Positive,1,SNPFYLSAFSR,3,SNPFYLSAFSR,0,11
Positive,1,SNPFYLSAFSYGP,2,SNPFYLSAFSYGP,0,13
Positive,1,SNQGGGN,16,SNQGGGN,0,7
Positive,1,SNSRQLYQG,7,SNSRQLYQG,0,9
Positive,1,SNYYMYTHHTNDY,12,SNYYMYTHHTNDY,0,13
Positive,1,SPEGYHAG,2,SPEGYHAG,0,8
Positive,1,SPIYAYG,2,SPIYAYG,0,7
Positive,1,SPLYSYQH,2,SPLYSYQH,0,8
Positive,1,SPPDGNSYYSD,2,SPPDGNSYYSD,0,11
Positive,1,SPRELQ,1,SPRELQ,0,6
Positive,1,SPSGDV,2,SPSGDV,0,6
Positive,1,SPSIYY,4,SPSIYY,0,6
Positive,1,SPSTYN,2,SPSTYN,0,6
Positive,1,SPTYSKHLT,1,SPTYSKHLT,0,9
Positive,1,SPYAYSSTSDYGD,5,SPYAYSSTSDYGD,0,13
Positive,1,SPYGDSH,2,SPYGDSH,0,7
Positive,1,SPYNVTDDEYL,1,SPYNVTDDEYL,0,11
Positive,1,SPYYPNS,2,SPYYPNS,0,7
Positive,1,SQAYGYKLHDD,25,SQAYGYKLHDD,0,11
Positive,1,SQAYMGYPYHGGI,4,SQAYMGYPYHGGI,0,13
Positive,1,SQDLGYTSE,1,SQDLGYTSE,0,9
Positive,1,SQLKRSKS,2,SQLKRSKS,0,8
Positive,1,SQNTDDS,1,SQNTDDS,0,7
Positive,1,SQQGSGPY,1,SQQGSGPY,0,8
Positive,1,SQSEEASMNLD,4,SQSEEASMNLD,0,11
Positive,1,SQSYSTTSF,1,SQSYSTTSF,0,9
Positive,1,SQTPYQSHD,1,SQTPYQSHD,0,9
Positive,1,SQYHHA,2,SQYHHA,0,6
Positive,1,SRHGALHT,1,SRHGALHT,0,8
Positive,1,SRLYYRYY,11,SRLYYRYY,0,8
Positive,1,SRRSSSYM,1,SRRSSSYM,0,8
Positive,1,SSAYYKKGDDYY,1,SSAYYKKGDDYY,0,12
Positive,1,SSDDDQ,1,SSDDDQ,0,6
Positive,1,SSDDSLY,1,SSDDSLY,0,7
Positive,1,SSEGSGP,1,SSEGSGP,0,7
Positive,1,SSGASSTV,1,SSGASSTV,0,8
Positive,1,SSGSDS,1,SSGSDS,0,6
Positive,1,SSGYYTV,1,SSGYYTV,0,7
Positive,1,SSKTGPYG,1,SSKTGPYG,0,8
Negative,0,SSLFSS,1,SSLFSS,0,6
Negative,0,SSLNCS,1,SSLNCS,0,6
Negative,0,SSLSSS,5,SSLSSS,0,6
Negative,0,SSLSSY,1,SSLSSY,0,6
Negative,0,SSLY,3,SSLY,0,4
Negative,0,SSLYSS,2681,SSLYSS,0,6
Negative,0,SSLYST,6,SSLYST,0,6
Negative,0,SSLYSY,2,SSLYSY,0,6
Negative,0,SSLYYS,3,SSLYYS,0,6
Negative,0,SSLYYY,1,SSLYYY,0,6
Negative,0,SSMYSS,1,SSMYSS,0,6
Positive,1,SSPGFSSS,2,SSPGFSSS,0,8
Positive,1,SSPGYYSYYY,1,SSPGYYSYYY,0,10
Positive,1,SSPPAAYA,1,SSPPAAYA,0,8
Positive,1,SSPTGGAKDYDAE,1,SSPTGGAKDYDAE,0,13
Positive,1,SSPTGGAKYYEAD,2,SSPTGGAKYYEAD,0,13
Positive,1,SSPYTSSQ,2,SSPYTSSQ,0,8
Positive,1,SSQADAGNP,1,SSQADAGNP,0,9
Negative,0,SSQDSPS,1,SSQDSPS,0,7
Positive,1,SSQPLGSNASM,1,SSQPLGSNASM,0,11
Positive,1,SSRSKVAGY,14,SSRSKVAGY,0,9
Positive,1,SSRYPLRSH,2,SSRYPLRSH,0,9
Positive,1,SSSLYTHHGQ,7,SSSLYTHHGQ,0,10
Positive,1,SSSMYIYPTGY,1,SSSMYIYPTGY,0,11
Positive,1,SSSQPSQLPA,2,SSSQPSQLPA,0,10
Positive,1,SSSQSDAYN,1,SSSQSDAYN,0,9
Positive,1,SSSQSDAYY,191,SSSQSDAYY,0,9
Positive,1,SSSQSDGVQ,1,SSSQSDGVQ,0,9
Positive,1,SSSQSESFD,1,SSSQSESFD,0,9
Positive,1,SSSQSGPYY,2,SSSQSGPYY,0,9
Positive,1,SSSQSVAYY,1,SSSQSVAYY,0,9
Positive,1,SSSRYGSLGS,9,SSSRYGSLGS,0,10
Positive,1,SSSYSIMLYVY,3,SSSYSIMLYVY,0,11
Positive,1,SSYLDDPSDDSY,1,SSYLDDPSDDSY,0,12
Positive,1,SSYPKNG,6,SSYPKNG,0,7
Positive,1,SSYYDYYYGKGLRD,2,SSYYDYYYGKGLRD,0,14
Positive,1,SSYYPAQASGMG,1,SSYYPAQASGMG,0,12
Positive,1,STDDATD,3,STDDATD,0,7
Positive,1,STDGYSD,1,STDGYSD,0,7
Positive,1,STESHEYYGTTPS,2,STESHEYYGTTPS,0,13
Positive,1,STGGYAGQ,3,STGGYAGQ,0,8
Positive,1,STGSRIQN,8,STGSRIQN,0,8
Positive,1,STGTSYP,1,STGTSYP,0,7
Positive,1,STKAGQSQ,2,STKAGQSQ,0,8
Negative,0,STLTSGPP,1,STLTSGPP,0,8
Positive,1,STNPPMP,3,STNPPMP,0,7
Positive,1,STPTARY,1,STPTARY,0,7
Positive,1,STPTHHLPADV,3,STPTHHLPADV,0,11
Positive,1,STRGEGI,2,STRGEGI,0,7
Positive,1,STSVGGG,3,STSVGGG,0,7
Positive,1,STTAYYSAY,1,STTAYYSAY,0,9
Positive,1,STTYEGYLDA,1,STTYEGYLDA,0,10
Positive,1,SVEYPDG,1,SVEYPDG,0,7
Positive,1,SVLNYAKHPKPG,2,SVLNYAKHPKPG,0,12
Positive,1,SVNLGSIRA,3,SVNLGSIRA,0,9
Negative,0,SVPFYDLY,6,SVPFYDLY,0,8
Positive,1,SVPGTAK,2,SVPGTAK,0,7
Positive,1,SVPNLG,1,SVPNLG,0,6
Positive,1,SVYAPLVRYNAAYE,1,SVYAPLVRYNAAYE,0,14
Positive,1,SYAADYG,5,SYAADYG,0,7
Positive,1,SYAKAY,2,SYAKAY,0,6
Positive,1,SYALDSGYRGA,1,SYALDSGYRGA,0,11
Positive,1,SYALIYGSPYDG,1,SYALIYGSPYDG,0,12
Positive,1,SYASQSYDTH,1,SYASQSYDTH,0,10
Negative,0,SYDCNYD,1,SYDCNYD,0,7
Negative,0,SYDD,4,SYDD,0,4
Positive,1,SYDKPMSPSLYLS,2,SYDKPMSPSLYLS,0,13
Positive,1,SYDLGRG,1,SYDLGRG,0,7
Positive,1,SYDPGSEDYNGSY,3,SYDPGSEDYNGSY,0,13
Positive,1,SYEDRLIA,3,SYEDRLIA,0,8
Negative,0,SYESNYD,1,SYESNYD,0,7
Positive,1,SYEYPISDQ,1,SYEYPISDQ,0,9
Positive,1,SYFGSPSN,1,SYFGSPSN,0,8
Positive,1,SYGLGGDLIYL,1,SYGLGGDLIYL,0,11
Positive,1,SYGSLPYLLYG,1,SYGSLPYLLYG,0,11
Positive,1,SYGSYVAYLLY,2,SYGSYVAYLLY,0,11
Positive,1,SYHGLVR,2,SYHGLVR,0,7
Positive,1,SYILMPYYNQK,1,SYILMPYYNQK,0,11
Positive,1,SYKEDSEQD,1,SYKEDSEQD,0,9
Positive,1,SYLDPDSYY,2,SYLDPDSYY,0,9
Negative,0,SYLYSS,1,SYLYSS,0,6
Positive,1,SYMGYGSGAYAG,4,SYMGYGSGAYAG,0,12
Positive,1,SYMYYRA,3,SYMYYRA,0,7
Positive,1,SYPAGAA,2,SYPAGAA,0,7
Positive,1,SYPQAS,1,SYPQAS,0,6
Positive,1,SYPSKDGY,1,SYPSKDGY,0,8
Positive,1,SYQGESGSRG,1,SYQGESGSRG,0,10
Positive,1,SYSDPNYRTSSP,1,SYSDPNYRTSSP,0,12
Positive,1,SYSDRRYGGD,1,SYSDRRYGGD,0,10
Positive,1,SYSDSSGSEGEV,4,SYSDSSGSEGEV,0,12
Positive,1,SYSDSTGQ,2,SYSDSTGQ,0,8
Positive,1,SYSPVAGGGTLL,2,SYSPVAGGGTLL,0,12
Positive,1,SYSSSDG,1,SYSSSDG,0,7
Positive,1,SYSYSSK,1,SYSYSSK,0,7
Positive,1,SYSYST,2,SYSYST,0,6
Positive,1,SYSYVARHSASGN,3,SYSYVARHSASGN,0,13
Positive,1,SYSYYD,5,SYSYYD,0,6
Negative,0,SYTFYDLY,1,SYTFYDLY,0,8
Positive,1,SYTSGDNSNGGNY,1,SYTSGDNSNGGNY,0,13
Positive,1,SYVDYGDYHTTY,1,SYVDYGDYHTTY,0,12
Positive,1,SYVKSA,1,SYVKSA,0,6
Positive,1,SYVYGYVYSK,1,SYVYGYVYSK,0,10
Negative,0,SYY,6,SYY,0,3
Positive,1,SYYAGPRYSVLL,12,SYYAGPRYSVLL,0,12
Positive,1,SYYFYAPYFIR,1,SYYFYAPYFIR,0,11
Positive,1,SYYFYASYFIR,6,SYYFYASYFIR,0,11
Positive,1,SYYGAR,8,SYYGAR,0,6
Positive,1,SYYGGRY,4,SYYGGRY,0,7
Positive,1,SYYGLYY,1,SYYGLYY,0,7
Positive,1,SYYGPIASLAYS,3,SYYGPIASLAYS,0,12
Positive,1,SYYHGRMTLHILYS,2,SYYHGRMTLHILYS,0,14
Positive,1,SYYIYSQ,1,SYYIYSQ,0,7
Positive,1,SYYPNLY,1,SYYPNLY,0,7
Positive,1,SYYRASMPPARAYY,3,SYYRASMPPARAYY,0,14
Positive,1,SYYYLAAKYNYYA,49,SYYYLAAKYNYYA,0,13
Positive,1,SYYYNYYG,1,SYYYNYYG,0,8
Positive,1,SYYYQTPS,1,SYYYQTPS,0,8
Positive,1,TADATEA,6,TADATEA,0,7
Positive,1,TAGHGS,4,TAGHGS,0,6
Positive,1,TAGKRATG,1,TAGKRATG,0,8
Positive,1,TATSGKA,1,TATSGKA,0,7
Positive,1,TDAASSSYT,2,TDAASSSYT,0,9
Positive,1,TDASTD,2,TDASTD,0,6
Positive,1,TDATAPP,4,TDATAPP,0,7
Positive,1,TDDPYAE,3,TDDPYAE,0,7
Positive,1,TDDSQYD,1,TDDSQYD,0,7
Negative,0,TDESNYD,1,TDESNYD,0,7
Negative,0,TDESYYE,1,TDESYYE,0,7
Positive,1,TDGQQDVPPSIDDS,1,TDGQQDVPPSIDDS,0,14
Positive,1,TDHDAHP,1,TDHDAHP,0,7
Positive,1,TDLPGA,3,TDLPGA,0,6
Positive,1,TDMSGDGGAA,1,TDMSGDGGAA,0,10
Positive,1,TDNYYPY,2,TDNYYPY,0,7
Positive,1,TDSAAG,3,TDSAAG,0,6
Positive,1,TDSDSRGH,2,TDSDSRGH,0,8
Positive,1,TDSQSYDQYDA,1,TDSQSYDQYDA,0,11
Positive,1,TDVKGDGL,2,TDVKGDGL,0,8
Positive,1,TDYNMSYIS,1,TDYNMSYIS,0,9
Positive,1,TDYSDYYHYV,1,TDYSDYYHYV,0,10
Positive,1,TEDYYSPSYPYGS,1,TEDYYSPSYPYGS,0,13
Positive,1,TEEQMAGAPDE,1,TEEQMAGAPDE,0,11
Negative,0,TEHS,2,TEHS,0,4
Positive,1,TEIDGYG,1,TEIDGYG,0,7
Positive,1,TEMDGYG,4,TEMDGYG,0,7
Positive,1,TESDGYG,1,TESDGYG,0,7
Positive,1,TFDDYTYDLE,6,TFDDYTYDLE,0,10
Positive,1,TGADPYK,2,TGADPYK,0,7
Negative,0,TGDGSM,2,TGDGSM,0,6
Positive,1,TGESRPRMNTQS,10,TGESRPRMNTQS,0,12
Positive,1,TGFTIYLYYQT,2,TGFTIYLYYQT,0,11
Negative,0,TGGPSPL,1,TGGPSPL,0,7
Positive,1,TGLSTVA,4,TGLSTVA,0,7
Positive,1,TGLYKNL,5,TGLYKNL,0,7
Positive,1,TGNISSEGS,1,TGNISSEGS,0,9
Positive,1,TGQFLDGDGRY,2,TGQFLDGDGRY,0,11
Positive,1,TGQPPSYSLADD,1,TGQPPSYSLADD,0,12
Positive,1,TGRHGGS,1,TGRHGGS,0,7
Positive,1,TGRYMPSDIFN,1,TGRYMPSDIFN,0,11
Positive,1,TGSSPPSF,1,TGSSPPSF,0,8
Positive,1,TGSYIRIPYQG,1,TGSYIRIPYQG,0,11
Positive,1,TGVQYSL,1,TGVQYSL,0,7
Positive,1,TGVQYSM,1,TGVQYSM,0,7
Positive,1,TGYPGQPYPYSGGQ,1,TGYPGQPYPYSGGQ,0,14
Positive,1,TGYVHQP,2,TGYVHQP,0,7
Positive,1,THPSYTDD,2,THPSYTDD,0,8
Positive,1,TIYYGID,4,TIYYGID,0,7
Positive,1,TIYYRGDEYD,1,TIYYRGDEYD,0,10
Positive,1,TKLNGAKTQTF,1,TKLNGAKTQTF,0,11
Positive,1,TKLYGAKNQTF,1,TKLYGAKNQTF,0,11
Positive,1,TKLYGAKTHTF,1,TKLYGAKTHTF,0,11
Positive,1,TKLYGAKTPAS,1,TKLYGAKTPAS,0,11
Positive,1,TKLYGAKTQT,1,TKLYGAKTQT,0,10
Positive,1,TKLYGAKTQTF,248,TKLYGAKTQTF,0,11
Positive,1,TKLYGAKTQTY,1,TKLYGAKTQTY,0,11
Positive,1,TKLYGAKYNYYA,1,TKLYGAKYNYYA,0,12
Positive,1,TKLYGAYK,1,TKLYGAYK,0,8
Positive,1,TKLYGGGQDSYG,1,TKLYGGGQDSYG,0,12
Positive,1,TKPAGGGIG,3,TKPAGGGIG,0,9
Positive,1,TKQHPD,27,TKQHPD,0,6
Positive,1,TKYGKLYSG,1,TKYGKLYSG,0,9
Positive,1,TKYVPGHN,4,TKYVPGHN,0,8
Positive,1,TLAYTGT,7,TLAYTGT,0,7
Positive,1,TLEGTGY,1,TLEGTGY,0,7
Positive,1,TLGGDST,1,TLGGDST,0,7
Positive,1,TNQHPD,1,TNQHPD,0,6
Positive,1,TNYYFGG,11,TNYYFGG,0,7
Positive,1,TPYVAGK,4,TPYVAGK,0,7
Positive,1,TPYVASK,1,TPYVASK,0,7
Positive,1,TPYYRSLYK,4,TPYYRSLYK,0,9
Positive,1,TQAPYAGAQQVG,1,TQAPYAGAQQVG,0,12
Positive,1,TQENRYEYP,1,TQENRYEYP,0,9
Positive,1,TQHGTGSTKSVAS,1,TQHGTGSTKSVAS,0,13
Positive,1,TQHIRPY,9,TQHIRPY,0,7
Positive,1,TQPSYSDPFFDSY,2,TQPSYSDPFFDSY,0,13
Positive,1,TQTSQDSG,1,TQTSQDSG,0,8
Positive,1,TRAGYPFYPLGH,1,TRAGYPFYPLGH,0,12
Positive,1,TRGYQSRTG,2,TRGYQSRTG,0,9
Positive,1,TRPTFYYYSLG,4,TRPTFYYYSLG,0,11
Positive,1,TRYLTVFSYGPQ,1,TRYLTVFSYGPQ,0,12
Positive,1,TRYPRY,2,TRYPRY,0,6
Positive,1,TSEVTLRD,2,TSEVTLRD,0,8
Positive,1,TSFLPYSLRLH,6,TSFLPYSLRLH,0,11
Negative,0,TSGSGML,1,TSGSGML,0,7
Positive,1,TSGYLGG,12,TSGYLGG,0,7
Positive,1,TSGYYSATKAG,1,TSGYYSATKAG,0,11
Positive,1,TSIGES,1,TSIGES,0,6
Positive,1,TSLGYYY,1,TSLGYYY,0,7
Positive,1,TSLTTGL,6,TSLTTGL,0,7
Negative,0,TSLYSS,1,TSLYSS,0,6
Positive,1,TSSGSAYK,2,TSSGSAYK,0,8
Positive,1,TSYDNDTD,1,TSYDNDTD,0,8
Positive,1,TSYNLGYYSLK,4,TSYNLGYYSLK,0,11
Positive,1,TSYNQGYYSLK,1,TSYNQGYYSLK,0,11
Positive,1,TSYYLSMRSS,3,TSYYLSMRSS,0,10
Positive,1,TTASDS,5,TTASDS,0,6
Positive,1,TTAYSS,1,TTAYSS,0,6
Positive,1,TTDYQGRHYPT,5,TTDYQGRHYPT,0,11
Positive,1,TTGGSAGRPD,6,TTGGSAGRPD,0,10
Positive,1,TTLHSST,1,TTLHSST,0,7
Positive,1,TTPSYL,1,TTPSYL,0,6
Positive,1,TTSRAYTQP,20,TTSRAYTQP,0,9
Positive,1,TVGAKAGPD,1,TVGAKAGPD,0,9
Positive,1,TVVLGQEGA,2,TVVLGQEGA,0,9
Positive,1,TVVLGQGGA,1,TVVLGQGGA,0,9
Negative,0,TYAANYD,1,TYAANYD,0,7
Negative,0,TYASNYD,1,TYASNYD,0,7
Positive,1,TYDAYRGHGSTT,6,TYDAYRGHGSTT,0,12
Negative,0,TYDSNYD,5,TYDSNYD,0,7
Positive,1,TYDYSYHP,5,TYDYSYHP,0,8
Negative,0,TYEAHYD,1,TYEAHYD,0,7
Negative,0,TYEANYD,3,TYEANYD,0,7
Negative,0,TYES,1,TYES,0,4
Negative,0,TYESHYD,3,TYESHYD,0,7
Negative,0,TYESKYD,3,TYESKYD,0,7
Negative,0,TYESNSD,3,TYESNSD,0,7
Negative,0,TYESNYD,1150,TYESNYD,0,7
Negative,0,TYESNYE,6,TYESNYE,0,7
Negative,0,TYESNYY,1,TYESNYY,0,7
Negative,0,TYETNYD,1,TYETNYD,0,7
Negative,0,TYEYNYD,1,TYEYNYD,0,7
Positive,1,TYFLAGYP,1,TYFLAGYP,0,8
Positive,1,TYGGDPS,1,TYGGDPS,0,7
Positive,1,TYGSSGYSDYAE,3,TYGSSGYSDYAE,0,12
Positive,1,TYGYDDDS,1,TYGYDDDS,0,8
Positive,1,TYHGHSRYSDGA,1,TYHGHSRYSDGA,0,12
Positive,1,TYLLYE,1,TYLLYE,0,6
Positive,1,TYPRGYAY,1,TYPRGYAY,0,8
Positive,1,TYPSSY,1,TYPSSY,0,6
Positive,1,TYQRRYFHSYI,1,TYQRRYFHSYI,0,11
Positive,1,TYSGRY,3,TYSGRY,0,6
Positive,1,TYSYSYS,3,TYSYSYS,0,7
Positive,1,TYVKRHYSSY,4,TYVKRHYSSY,0,10
Negative,0,TYVSNYD,1,TYVSNYD,0,7
Positive,1,TYVYKYFIS,2,TYVYKYFIS,0,9
Negative,0,TYY,7,TYY,0,3
Positive,1,TYYGVHYHQRA,6,TYYGVHYHQRA,0,11
Positive,1,TYYLGGGS,1,TYYLGGGS,0,8
Positive,1,TYYPAYLRYY,7,TYYPAYLRYY,0,10
Positive,1,TYYSQN,6,TYYSQN,0,6
Positive,1,TYYYFYILYH,3,TYYYFYILYH,0,10
Positive,1,TYYYMAA,7,TYYYMAA,0,7
Positive,1,VAGDSPQ,2,VAGDSPQ,0,7
Positive,1,VAGGDTSD,1,VAGGDTSD,0,8
Positive,1,VASYKPN,5,VASYKPN,0,7
Positive,1,VDDVSPASK,7,VDDVSPASK,0,9
Positive,1,VDGSDNFDGMQGQ,2,VDGSDNFDGMQGQ,0,13
Positive,1,VDHDQDDGPNY,6,VDHDQDDGPNY,0,11
Positive,1,VDLDQSRSY,2,VDLDQSRSY,0,9
Positive,1,VDLTGDGAGGYG,1,VDLTGDGAGGYG,0,12
Positive,1,VDMDYD,1,VDMDYD,0,6
Positive,1,VDSGAYANG,1,VDSGAYANG,0,9
Positive,1,VDSYTN,2,VDSYTN,0,6
Positive,1,VDYAGADTQTY,2,VDYAGADTQTY,0,11
Negative,0,VDYAS,3,VDYAS,0,5
Positive,1,VDYKHGD,2,VDYKHGD,0,7
Positive,1,VEDTDYS,3,VEDTDYS,0,7
Positive,1,VFYANEEDSNYYS,1,VFYANEEDSNYYS,0,13
Negative,0,VGDGSM,11,VGDGSM,0,6
Positive,1,VGEGQHMRS,1,VGEGQHMRS,0,9
Positive,1,VGPHSRRLPTGLP,5,VGPHSRRLPTGLP,0,13
Positive,1,VGSYNTGS,1,VGSYNTGS,0,8
Positive,1,VGYESGA,1,VGYESGA,0,7
Positive,1,VGYKPYD,5,VGYKPYD,0,7
Positive,1,VGYNDHYGS,2,VGYNDHYGS,0,9
Positive,1,VGYSSSPRGRLPS,2,VGYSSSPRGRLPS,0,13
Positive,1,VGYSYKADYG,17,VGYSYKADYG,0,10
Positive,1,VHQYLSYDTQSYVQ,1,VHQYLSYDTQSYVQ,0,14
Positive,1,VIQLGYYQIFY,3,VIQLGYYQIFY,0,11
Positive,1,VKARQKS,1,VKARQKS,0,7
Positive,1,VKDDYVDYTRGPA,2,VKDDYVDYTRGPA,0,13
Positive,1,VKTYGDRHNYYPEV,2,VKTYGDRHNYYPEV,0,14
Positive,1,VKYYDGDYPPYY,3,VKYYDGDYPPYY,0,12
Positive,1,VLDAADG,2,VLDAADG,0,7
Positive,1,VLGQIVDN,5,VLGQIVDN,0,8
Positive,1,VLPYFQRYPYH,7,VLPYFQRYPYH,0,11
Negative,0,VLSAGA,1,VLSAGA,0,6
Positive,1,VNGGLSAG,3,VNGGLSAG,0,8
Positive,1,VNQRYTNLYSA,4,VNQRYTNLYSA,0,11
Positive,1,VNQSYTNLYSA,1,VNQSYTNLYSA,0,11
Positive,1,VNYILSAYDPQGP,2,VNYILSAYDPQGP,0,13
Positive,1,VPAGDTSQ,3,VPAGDTSQ,0,8
Positive,1,VPGTFLSE,1,VPGTFLSE,0,8
Positive,1,VPLYTGT,1,VPLYTGT,0,7
Positive,1,VQPGNRDRKKY,1,VQPGNRDRKKY,0,11
Positive,1,VRARPQYPSVD,2,VRARPQYPSVD,0,11
Positive,1,VSAGSGVLYLLPY,1,VSAGSGVLYLLPY,0,13
Positive,1,VSDPLTY,1,VSDPLTY,0,7
Positive,1,VSGQDYPSQG,3,VSGQDYPSQG,0,10
Positive,1,VSPSGTS,1,VSPSGTS,0,7
Positive,1,VSSESSYHS,7,VSSESSYHS,0,9
Positive,1,VSSGYSI,2,VSSGYSI,0,7
Positive,1,VSTYYLHSYKPG,4,VSTYYLHSYKPG,0,12
Positive,1,VSTYYLHSYRPG,1,VSTYYLHSYRPG,0,12
Positive,1,VTDDSSEGRMGN,8,VTDDSSEGRMGN,0,12
Positive,1,VTLGASSYGSFL,1,VTLGASSYGSFL,0,12
Positive,1,VTLPTTLRSPG,2,VTLPTTLRSPG,0,11
Positive,1,VTSSQDL,1,VTSSQDL,0,7
Positive,1,VTTAGNS,2,VTTAGNS,0,7
Positive,1,VVPNTYG,1,VVPNTYG,0,7
Positive,1,VYSYMKKG,2,VYSYMKKG,0,8
Positive,1,VYSYTK,2,VYSYTK,0,6
Positive,1,VYTEPYMSYSY,1,VYTEPYMSYSY,0,11
Positive,1,VYTGYTY,2,VYTGYTY,0,7
Positive,1,VYYNAYD,2,VYYNAYD,0,7
Positive,1,VYYNYLGK,1,VYYNYLGK,0,8
Positive,1,YAALDGP,7,YAALDGP,0,7
Positive,1,YAEPSGA,1,YAEPSGA,0,7
Positive,1,YAESLLPSSSY,5,YAESLLPSSSY,0,11
Positive,1,YAEVSGL,1,YAEVSGL,0,7
Positive,1,YAFESAGYNY,1,YAFESAGYNY,0,10
Negative,0,YAGTKNLNDDSTF,1,YAGTKNLNDDSTF,0,13
Positive,1,YAGYGLYPYDE,1,YAGYGLYPYDE,0,11
Positive,1,YAILLRSRLP,4,YAILLRSRLP,0,10
Positive,1,YAILLRYRLP,1,YAILLRYRLP,0,10
Positive,1,YAKFASD,1,YAKFASD,0,7
Positive,1,YANTPYTA,1,YANTPYTA,0,8
Negative,0,YASGYI,6,YASGYI,0,6
Positive,1,YASPFGPNYSLTD,2,YASPFGPNYSLTD,0,13
Positive,1,YASPYSLGSHHAD,1,YASPYSLGSHHAD,0,13
Positive,1,YASPYSSYSPR,13,YASPYSSYSPR,0,11
Positive,1,YASSRQK,1,YASSRQK,0,7
Positive,1,YATGSYS,2,YATGSYS,0,7
Positive,1,YAVYGEDYYHKK,1,YAVYGEDYYHKK,0,12
Positive,1,YAYFYGASSASYAS,2,YAYFYGASSASYAS,0,14
Positive,1,YAYLINK,2,YAYLINK,0,7
Positive,1,YCGRADYSYRTGYL,1,YCGRADYSYRTGYL,0,14
Positive,1,YDALDSGYRGA,1,YDALDSGYRGA,0,11
Positive,1,YDGGPDI,2,YDGGPDI,0,7
Positive,1,YDGNHK,1,YDGNHK,0,6
Positive,1,YDGQPGYYSSDG,3,YDGQPGYYSSDG,0,12
Positive,1,YDISAKHH,3,YDISAKHH,0,8
Positive,1,YDIYIL,1,YDIYIL,0,6
Positive,1,YDKYADQAGYG,1,YDKYADQAGYG,0,11
Positive,1,YDPEHRMKGYLP,3,YDPEHRMKGYLP,0,12
Positive,1,YDPEYRGTPD,1,YDPEYRGTPD,0,10
Positive,1,YDPHPASS,2,YDPHPASS,0,8
Positive,1,YDPTDAN,3,YDPTDAN,0,7
Positive,1,YDRQTSGYS,1,YDRQTSGYS,0,9
Positive,1,YDRRYHGSSDG,4,YDRRYHGSSDG,0,11
Positive,1,YDRRYHGSSDGD,1,YDRRYHGSSDGD,0,12
Positive,1,YDSEGP,5,YDSEGP,0,6
Positive,1,YDSPYYYIKQR,11,YDSPYYYIKQR,0,11
Positive,1,YDSQSG,3,YDSQSG,0,6
Positive,1,YDSSSA,1,YDSSSA,0,6
Positive,1,YDSYGSL,1,YDSYGSL,0,7
Positive,1,YDTNDTTV,2,YDTNDTTV,0,8
Positive,1,YDYKSARSDPA,1,YDYKSARSDPA,0,11
Positive,1,YDYSYS,1,YDYSYS,0,6
Positive,1,YDYYDYYELLLY,1,YDYYDYYELLLY,0,12
Positive,1,YEDDMVDGYVT,1,YEDDMVDGYVT,0,11
Positive,1,YEGDSDLDD,1,YEGDSDLDD,0,9
Positive,1,YEGYVYGP,2,YEGYVYGP,0,8
Positive,1,YEMSGAGYSYRTGYL,1,YEMSGAGYSYRTGYL,0,15
Positive,1,YEPESYDA,2,YEPESYDA,0,8
Positive,1,YEPILHRNLPD,3,YEPILHRNLPD,0,11
Positive,1,YESGRATYLA,3,YESGRATYLA,0,10
Positive,1,YESSGGYDSD,1,YESSGGYDSD,0,10
Positive,1,YESSGM,4,YESSGM,0,6
Positive,1,YFGDYKSQ,2,YFGDYKSQ,0,8
Positive,1,YFIYGYTPMAIG,1,YFIYGYTPMAIG,0,12
Positive,1,YFPRKT,1,YFPRKT,0,6
Positive,1,YFPYTRYGQYPR,1,YFPYTRYGQYPR,0,12
Positive,1,YFPYTRYGRYK,9,YFPYTRYGRYK,0,11
Positive,1,YFQVSLLTP,1,YFQVSLLTP,0,9
Positive,1,YFTLRSTRYPAY,16,YFTLRSTRYPAY,0,12
Positive,1,YGADDQEDKYSV,1,YGADDQEDKYSV,0,12
Positive,1,YGAGPGDSYPD,1,YGAGPGDSYPD,0,11
Positive,1,YGAKTQTF,1,YGAKTQTF,0,8
Positive,1,YGAPYQ,1,YGAPYQ,0,6
Positive,1,YGATYRD,1,YGATYRD,0,7
Positive,1,YGAYGRIS,2,YGAYGRIS,0,8
Positive,1,YGDFLRFWYLSTG,11,YGDFLRFWYLSTG,0,13
Positive,1,YGDGADYSYRTGYL,1,YGDGADYSYRTGYL,0,14
Positive,1,YGDGEIGPGRAS,1,YGDGEIGPGRAS,0,12
Positive,1,YGDGYHD,3,YGDGYHD,0,7
Positive,1,YGDLQGSGT,1,YGDLQGSGT,0,9
Positive,1,YGDLQGTGT,1,YGDLQGTGT,0,9
Positive,1,YGDSNDGEGAYAGD,2,YGDSNDGEGAYAGD,0,14
Positive,1,YGFKSSY,1,YGFKSSY,0,7
Positive,1,YGGATYTGSQ,1,YGGATYTGSQ,0,10
Positive,1,YGGCADYSYRTGYL,2,YGGCADYSYRTGYL,0,14
Positive,1,YGGDDYSG,2,YGGDDYSG,0,8
Positive,1,YGGDSGSL,5,YGGDSGSL,0,8
Positive,1,YGGDTSQ,1,YGGDTSQ,0,7
Positive,1,YGGDYQDD,1,YGGDYQDD,0,8
Positive,1,YGGGAA,2,YGGGAA,0,6
Positive,1,YGGGAD,2,YGGGAD,0,6
Positive,1,YGGGADH,1,YGGGADH,0,7
Positive,1,YGGGADYNAKHTL,2,YGGGADYNAKHTL,0,13
Positive,1,YGGGADYPYRTGYL,1,YGGGADYPYRTGYL,0,14
Positive,1,YGGGADYSNRTGYL,1,YGGGADYSNRTGYL,0,14
Positive,1,YGGGADYSYPYTRASYD,1,YGGGADYSYPYTRASYD,0,17
Positive,1,YGGGADYSYR,1,YGGGADYSYR,0,10
Positive,1,YGGGADYSYRTAYL,1,YGGGADYSYRTAYL,0,14
Positive,1,YGGGADYSYRTDYL,1,YGGGADYSYRTDYL,0,14
Positive,1,YGGGADYSYRTGDYID,1,YGGGADYSYRTGDYID,0,16
Positive,1,YGGGADYSYRTGHL,1,YGGGADYSYRTGHL,0,14
Positive,1,YGGGADYSYRTGYK,1,YGGGADYSYRTGYK,0,14
Positive,1,YGGGADYSYRTGYL,1188,YGGGADYSYRTGYL,0,14
Positive,1,YGGGADYSYRTGYLM,1,YGGGADYSYRTGYLM,0,15
Positive,1,YGGGADYSYRTGYLPY,1,YGGGADYSYRTGYLPY,0,16
Positive,1,YGGGADYSYRTGYPQA,1,YGGGADYSYRTGYPQA,0,16
Positive,1,YGGGADYSYRTGYQ,2,YGGGADYSYRTGYQ,0,14
Positive,1,YGGGADYSYRTGYR,1,YGGGADYSYRTGYR,0,14
Positive,1,YGGGADYSYYYLGSY,1,YGGGADYSYYYLGSY,0,15
Positive,1,YGGGADYTHTS,1,YGGGADYTHTS,0,11
Positive,1,YGGGADYTYRTGYL,1,YGGGADYTYRTGYL,0,14
Positive,1,YGGGADYYTDGTL,1,YGGGADYYTDGTL,0,13
Positive,1,YGGGALMSARHS,3,YGGGALMSARHS,0,12
Positive,1,YGGGASL,1,YGGGASL,0,7
Positive,1,YGGGAT,1,YGGGAT,0,6
Positive,1,YGGGAYAG,1,YGGGAYAG,0,8
Positive,1,YGGGFH,1,YGGGFH,0,6
Positive,1,YGGGLAND,4,YGGGLAND,0,8
Positive,1,YGGGQDSFGG,1,YGGGQDSFGG,0,10
Positive,1,YGGGSDNSYRTGYL,1,YGGGSDNSYRTGYL,0,14
Positive,1,YGGHLDYPADT,8,YGGHLDYPADT,0,11
Positive,1,YGGKYKSP,6,YGGKYKSP,0,8
Positive,1,YGGMDYVLAYMA,2,YGGMDYVLAYMA,0,12
Positive,1,YGGNNAATKRSTN,1,YGGNNAATKRSTN,0,13
Positive,1,YGGQYVYSD,7,YGGQYVYSD,0,9
Positive,1,YGGSRYPR,42,YGGSRYPR,0,8
Positive,1,YGGSYDHLLSR,1,YGGSYDHLLSR,0,11
Positive,1,YGHNDFHGGHKSHS,1,YGHNDFHGGHKSHS,0,14
Positive,1,YGHNNDEQSGGSG,1,YGHNNDEQSGGSG,0,13
Positive,1,YGHNYDDM,1,YGHNYDDM,0,8
Positive,1,YGHNYDEQSGGSG,12,YGHNYDEQSGGSG,0,13
Positive,1,YGHYDFHGGHKSHS,11,YGHYDFHGGHKSHS,0,14
Positive,1,YGHYSYR,2,YGHYSYR,0,7
Positive,1,YGHYYLAAKYNYYA,2,YGHYYLAAKYNYYA,0,14
Positive,1,YGKVGYKVYNYK,3,YGKVGYKVYNYK,0,12
Negative,0,YGLFHAIEP,2,YGLFHAIEP,0,9
Positive,1,YGLHEKPA,2,YGLHEKPA,0,8
Positive,1,YGMSDD,1,YGMSDD,0,6
Positive,1,YGNNYDEQSGGYG,1,YGNNYDEQSGGYG,0,13
Positive,1,YGPDQAK,1,YGPDQAK,0,7
Positive,1,YGPDSMHG,1,YGPDSMHG,0,8
Positive,1,YGPGLG,1,YGPGLG,0,6
Positive,1,YGPLGHKSG,15,YGPLGHKSG,0,9
Positive,1,YGPLSK,1,YGPLSK,0,6
Positive,1,YGPPYD,1,YGPPYD,0,6
Positive,1,YGPSYSR,9,YGPSYSR,0,7
Positive,1,YGQDYTR,7,YGQDYTR,0,7
Positive,1,YGRNHYRL,2,YGRNHYRL,0,8
Positive,1,YGRQSP,2,YGRQSP,0,6
Positive,1,YGSGKAG,2,YGSGKAG,0,7
Negative,0,YGSN,2,YGSN,0,4
Positive,1,YGSYAEGD,2,YGSYAEGD,0,8
Positive,1,YGSYYGLY,1,YGSYYGLY,0,8
Positive,1,YGTPRA,2,YGTPRA,0,6
Positive,1,YGVDGDF,1,YGVDGDF,0,7
Positive,1,YGVGHYGGRRVPA,31,YGVGHYGGRRVPA,0,13
Positive,1,YGVGHYLAAKYNYYA,1,YGVGHYLAAKYNYYA,0,15
Positive,1,YGYDRHDA,2,YGYDRHDA,0,8
Positive,1,YGYGDGNNISYL,2,YGYGDGNNISYL,0,12
Positive,1,YGYGGGQDSYG,2,YGYGGGQDSYG,0,11
Positive,1,YGYNMAVYP,8,YGYNMAVYP,0,9
Positive,1,YGYPALY,1,YGYPALY,0,7
Positive,1,YGYPYIPGQYPR,3,YGYPYIPGQYPR,0,12
Positive,1,YGYSYYSH,1,YGYSYYSH,0,8
Positive,1,YGYYAI,1,YGYYAI,0,6
Positive,1,YGYYDMV,1,YGYYDMV,0,7
Positive,1,YGYYNKLN,6,YGYYNKLN,0,8
Positive,1,YHIDDPD,2,YHIDDPD,0,7
Positive,1,YHPGSP,1,YHPGSP,0,6
Positive,1,YHQSPLQG,1,YHQSPLQG,0,8
Positive,1,YHSYQKYGG,1,YHSYQKYGG,0,9
Positive,1,YHTARDDKQPSA,19,YHTARDDKQPSA,0,12
Positive,1,YHVGNIEFYSSS,1,YHVGNIEFYSSS,0,12
Positive,1,YIKYYYYMNSVG,1,YIKYYYYMNSVG,0,12
Negative,0,YIMQVYILK,1,YIMQVYILK,0,9
Positive,1,YIPSYKAGAYPL,2,YIPSYKAGAYPL,0,12
Positive,1,YIYGDG,5,YIYGDG,0,6
Positive,1,YKDVQTPF,4,YKDVQTPF,0,8
Positive,1,YKGAYLKYLG,1,YKGAYLKYLG,0,10
Positive,1,YKGYGAA,4,YKGYGAA,0,7
Positive,1,YKPLNASYDCHT,1,YKPLNASYDCHT,0,12
Positive,1,YKPLNASYDGHT,7,YKPLNASYDGHT,0,12
Positive,1,YKPTYFSSYR,1,YKPTYFSSYR,0,10
Positive,1,YKQMYPPLRT,7,YKQMYPPLRT,0,10
Positive,1,YKRSKQFYGQYLG,1,YKRSKQFYGQYLG,0,13
Positive,1,YKSGAEQYN,2,YKSGAEQYN,0,9
Positive,1,YKSSLAEGGAYD,2,YKSSLAEGGAYD,0,12
Positive,1,YKVDSNQ,3,YKVDSNQ,0,7
Positive,1,YKYEPHGLE,2,YKYEPHGLE,0,9
Positive,1,YKYGKGNVL,2,YKYGKGNVL,0,9
Positive,1,YLADGYS,1,YLADGYS,0,7
Positive,1,YLFYASK,1,YLFYASK,0,7
Positive,1,YLGDYYYY,1,YLGDYYYY,0,8
Positive,1,YLGYLL,2,YLGYLL,0,6
Positive,1,YLKDYPG,4,YLKDYPG,0,7
Positive,1,YLLEGHMYVT,3,YLLEGHMYVT,0,10
Positive,1,YLLKMYLGTKATG,3,YLLKMYLGTKATG,0,13
Positive,1,YLPGGSGAYFSY,2,YLPGGSGAYFSY,0,12
Positive,1,YLPNGK,6,YLPNGK,0,6
Positive,1,YLPTPPN,1,YLPTPPN,0,7
Positive,1,YLPTPPY,3,YLPTPPY,0,7
Positive,1,YLPYDTPSDDD,1,YLPYDTPSDDD,0,11
Positive,1,YLQLGIYG,2,YLQLGIYG,0,8
Positive,1,YLRPIYSGD,3,YLRPIYSGD,0,9
Positive,1,YLTQYDPNDLE,2,YLTQYDPNDLE,0,11
Positive,1,YLTSYLGV,2,YLTSYLGV,0,8
Positive,1,YLVSGSDQ,1,YLVSGSDQ,0,8
Positive,1,YLYIIYSDKTG,4,YLYIIYSDKTG,0,11
Positive,1,YLYQYNDYPIYPAY,1,YLYQYNDYPIYPAY,0,14
Positive,1,YLYQYNKYYR,3,YLYQYNKYYR,0,10
Positive,1,YMAGPTPSYPYK,1,YMAGPTPSYPYK,0,12
Positive,1,YMASSAA,1,YMASSAA,0,7
Positive,1,YMGQFYNG,1,YMGQFYNG,0,8
Positive,1,YMGVGSD,1,YMGVGSD,0,7
Positive,1,YMHGEYGDD,1,YMHGEYGDD,0,9
Positive,1,YMPYAVYYLAKY,5,YMPYAVYYLAKY,0,12
Positive,1,YMYGQTDKAYDY,3,YMYGQTDKAYDY,0,12
Positive,1,YMYGQTDKSYDY,1,YMYGQTDKSYDY,0,12
Positive,1,YMYSTEADA,1,YMYSTEADA,0,9
Positive,1,YNAGLMD,2,YNAGLMD,0,7
Positive,1,YNALDSGYRGA,2,YNALDSGYRGA,0,11
Positive,1,YNDESGS,3,YNDESGS,0,7
Positive,1,YNGGKYLC,1,YNGGKYLC,0,8
Positive,1,YNIYASFGRHSGYTY,1,YNIYASFGRHSGYTY,0,15
Positive,1,YNIYASFGRYMS,20,YNIYASFGRYMS,0,12
Positive,1,YNQDSHM,1,YNQDSHM,0,7
Positive,1,YNSENSA,1,YNSENSA,0,7
Positive,1,YNYTSYQSSSR,2,YNYTSYQSSSR,0,11
Positive,1,YPALKNR,1,YPALKNR,0,7
Positive,1,YPALKYR,9,YPALKYR,0,7
Positive,1,YPASRAA,2,YPASRAA,0,7
Positive,1,YPAYYYHHGGTS,2,YPAYYYHHGGTS,0,12
Positive,1,YPDDLDKDH,5,YPDDLDKDH,0,9
Positive,1,YPDGYGG,1,YPDGYGG,0,7
Positive,1,YPDYPTDQLYA,1,YPDYPTDQLYA,0,11
Positive,1,YPDYTYA,2,YPDYTYA,0,7
Positive,1,YPGGYGSQ,1,YPGGYGSQ,0,8
Positive,1,YPGPSSPPGYN,2,YPGPSSPPGYN,0,11
Positive,1,YPGYQYQSNFYYHL,2,YPGYQYQSNFYYHL,0,14
Positive,1,YPIDTYD,1,YPIDTYD,0,7
Positive,1,YPIGSPY,1,YPIGSPY,0,7
Positive,1,YPLPKTPLKQTY,2,YPLPKTPLKQTY,0,12
Positive,1,YPPLSKKSLG,1,YPPLSKKSLG,0,10
Positive,1,YPPSYGRAHYPT,3,YPPSYGRAHYPT,0,12
Positive,1,YPRPALELDSVG,1,YPRPALELDSVG,0,12
Positive,1,YPSAYSHGS,2,YPSAYSHGS,0,9
Positive,1,YPSYPSAL,1,YPSYPSAL,0,8
Positive,1,YPTLAYSKQR,1,YPTLAYSKQR,0,10
Positive,1,YPWVLVVHRKR,7,YPWVLVVHRKR,0,11
Positive,1,YPYGDSGEGMG,7,YPYGDSGEGMG,0,11
Positive,1,YPYSLGSHHAD,9,YPYSLGSHHAD,0,11
Positive,1,YPYYRFDDPD,1,YPYYRFDDPD,0,10
Positive,1,YQDYGLGG,1,YQDYGLGG,0,8
Positive,1,YQGDQSIS,2,YQGDQSIS,0,8
Positive,1,YQGSTTK,3,YQGSTTK,0,7
Positive,1,YQIPPAG,1,YQIPPAG,0,7
Positive,1,YQPTYFSSYR,6,YQPTYFSSYR,0,10
Positive,1,YQPYKN,7,YQPYKN,0,6
Positive,1,YQPYYYYYYR,4,YQPYYYYYYR,0,10
Positive,1,YQRYGV,2,YQRYGV,0,6
Positive,1,YQTDADYN,2,YQTDADYN,0,8
Positive,1,YQYGGAQV,20,YQYGGAQV,0,8
Positive,1,YQYSTNT,3,YQYSTNT,0,7
Positive,1,YQYYYSAYGTRPS,3,YQYYYSAYGTRPS,0,13
Positive,1,YQYYYYAYGTRPS,1,YQYYYYAYGTRPS,0,13
Positive,1,YRAYYLLTTDT,3,YRAYYLLTTDT,0,11
Positive,1,YRPGAGVQGTY,5,YRPGAGVQGTY,0,11
Positive,1,YRPGSEKGQ,1,YRPGSEKGQ,0,9
Positive,1,YRSYYDRL,3,YRSYYDRL,0,8
Positive,1,YRTTLVGY,6,YRTTLVGY,0,8
Positive,1,YRYSRYVY,3,YRYSRYVY,0,8
Positive,1,YRYTYY,5,YRYTYY,0,6
Positive,1,YSAASY,1,YSAASY,0,6
Positive,1,YSANPP,2,YSANPP,0,6
Negative,0,YSDD,2,YSDD,0,4
Positive,1,YSDGQDLLSPGPY,1,YSDGQDLLSPGPY,0,13
Positive,1,YSDTDYNMAYH,7,YSDTDYNMAYH,0,11
Positive,1,YSDYNY,1,YSDYNY,0,6
Positive,1,YSFGTGD,2,YSFGTGD,0,7
Positive,1,YSGEAM,1,YSGEAM,0,6
Positive,1,YSGGNS,1,YSGGNS,0,6
Positive,1,YSGRTGGAYTSA,9,YSGRTGGAYTSA,0,12
Positive,1,YSHDSGPYG,7,YSHDSGPYG,0,9
Positive,1,YSKALSRSN,3,YSKALSRSN,0,9
Positive,1,YSKDQDP,6,YSKDQDP,0,7
Positive,1,YSKYSS,1,YSKYSS,0,6
Positive,1,YSKYSY,169,YSKYSY,0,6
Positive,1,YSLDGQGPT,1,YSLDGQGPT,0,9
Positive,1,YSLLRWYHRWS,3,YSLLRWYHRWS,0,11
Negative,0,YSLYSS,1,YSLYSS,0,6
Positive,1,YSNASATPF,4,YSNASATPF,0,9
Positive,1,YSNEDYPYYGAA,1,YSNEDYPYYGAA,0,12
Positive,1,YSNTPYTA,1,YSNTPYTA,0,8
Positive,1,YSPGSGTYS,1,YSPGSGTYS,0,9
Positive,1,YSPGSTYGGYG,2,YSPGSTYGGYG,0,11
Positive,1,YSQGILY,3,YSQGILY,0,7
Positive,1,YSQTNVGEVAAYDD,2,YSQTNVGEVAAYDD,0,14
Positive,1,YSSASSYM,1,YSSASSYM,0,8
Positive,1,YSSDSV,2,YSSDSV,0,6
Positive,1,YSSDYYKAYP,1,YSSDYYKAYP,0,10
Positive,1,YSSESSLS,1,YSSESSLS,0,8
Positive,1,YSSGDEGY,1,YSSGDEGY,0,8
Positive,1,YSSGSASPHVDT,1,YSSGSASPHVDT,0,12
Positive,1,YSSLFLE,1,YSSLFLE,0,7
Positive,1,YSSMSPGSAAT,4,YSSMSPGSAAT,0,11
Positive,1,YSSYGSL,1,YSSYGSL,0,7
Positive,1,YSTDGYY,1,YSTDGYY,0,7
Positive,1,YSTGDELR,3,YSTGDELR,0,8
Positive,1,YSTKMNGETSY,3,YSTKMNGETSY,0,11
Positive,1,YSYPYIPNAGVG,1,YSYPYIPNAGVG,0,12
Positive,1,YSYRGKL,3,YSYRGKL,0,7
Positive,1,YSYSGEHD,1,YSYSGEHD,0,8
Positive,1,YSYYSIG,1,YSYYSIG,0,7
Positive,1,YSYYYLGSY,4,YSYYYLGSY,0,9
Positive,1,YTGDGASL,1,YTGDGASL,0,8
Positive,1,YTGGSGYGRLG,1,YTGGSGYGRLG,0,11
Positive,1,YTGPSGPSARYGKG,3,YTGPSGPSARYGKG,0,14
Positive,1,YTKGHYD,1,YTKGHYD,0,7
Positive,1,YTLAKT,2,YTLAKT,0,6
Positive,1,YTLSYLDSYDY,2,YTLSYLDSYDY,0,11
Positive,1,YTMGYQY,3,YTMGYQY,0,7
Positive,1,YTNITDYPD,3,YTNITDYPD,0,9
Positive,1,YTPLQMYYSANQ,2,YTPLQMYYSANQ,0,12
Positive,1,YTPTKGAAPYD,1,YTPTKGAAPYD,0,11
Positive,1,YTPTNGAARYD,5,YTPTNGAARYD,0,11
Positive,1,YTPTNRAARYD,1,YTPTNRAARYD,0,11
Positive,1,YTQAYK,1,YTQAYK,0,6
Positive,1,YTQPAYS,1,YTQPAYS,0,7
Positive,1,YTSGSDSSY,1,YTSGSDSSY,0,9
Positive,1,YTTDIGHSTSDV,1,YTTDIGHSTSDV,0,12
Positive,1,YTTNADA,1,YTTNADA,0,7
Positive,1,YTYSASGS,1,YTYSASGS,0,8
Positive,1,YTYYYALP,1,YTYYYALP,0,8
Positive,1,YVEEGLAM,1,YVEEGLAM,0,8
Positive,1,YVGGDSGYGSQ,1,YVGGDSGYGSQ,0,11
Positive,1,YVLYYYSIATDQL,1,YVLYYYSIATDQL,0,13
Positive,1,YVLYYYSIATEQL,6,YVLYYYSIATEQL,0,13
Positive,1,YVPTTIYLSANSR,1,YVPTTIYLSANSR,0,13
Positive,1,YVSYPSAS,3,YVSYPSAS,0,8
Positive,1,YVTTTNYLSAKSR,1,YVTTTNYLSAKSR,0,13
Positive,1,YVYGGGAT,8,YVYGGGAT,0,8
Positive,1,YVYPSAMYR,4,YVYPSAMYR,0,9
Positive,1,YVYYYLLRLSL,1,YVYYYLLRLSL,0,11
Positive,1,YYAASY,1,YYAASY,0,6
Negative,0,YYAD,1,YYAD,0,4
Positive,1,YYAGGM,1,YYAGGM,0,6
Positive,1,YYAKHTL,2,YYAKHTL,0,7
Positive,1,YYALDAGYRGA,1,YYALDAGYRGA,0,11
Positive,1,YYALDPGYRGA,1,YYALDPGYRGA,0,11
Positive,1,YYALDSAYY,1,YYALDSAYY,0,9
Positive,1,YYALDSCYRGA,1,YYALDSCYRGA,0,11
Positive,1,YYALDSDSRGH,1,YYALDSDSRGH,0,11
Positive,1,YYALDSFGG,2,YYALDSFGG,0,9
Positive,1,YYALDSG,4,YYALDSG,0,7
Positive,1,YYALDSGA,1,YYALDSGA,0,8
Positive,1,YYALDSGDYLY,1,YYALDSGDYLY,0,11
Positive,1,YYALDSGKG,1,YYALDSGKG,0,9
Positive,1,YYALDSGNRGA,1,YYALDSGNRGA,0,11
Positive,1,YYALDSGSLEP,2,YYALDSGSLEP,0,11
Positive,1,YYALDSGY,3,YYALDSGY,0,8
Positive,1,YYALDSGYCGA,1,YYALDSGYCGA,0,11
Positive,1,YYALDSGYDDLYS,2,YYALDSGYDDLYS,0,13
Positive,1,YYALDSGYGSQ,2,YYALDSGYGSQ,0,11
Positive,1,YYALDSGYL,1,YYALDSGYL,0,9
Positive,1,YYALDSGYPGA,2,YYALDSGYPGA,0,11
Positive,1,YYALDSGYQSRTG,2,YYALDSGYQSRTG,0,13
Positive,1,YYALDSGYR,1,YYALDSGYR,0,9
Positive,1,YYALDSGYRCA,2,YYALDSGYRCA,0,11
Positive,1,YYALDSGYRGA,3260,YYALDSGYRGA,0,11
Positive,1,YYALDSGYRGAKTPAS,1,YYALDSGYRGAKTPAS,0,16
Positive,1,YYALDSGYRGAY,1,YYALDSGYRGAY,0,12
Positive,1,YYALDSGYRGG,2,YYALDSGYRGG,0,11
Positive,1,YYALDSGYRGGSG,1,YYALDSGYRGGSG,0,13
Positive,1,YYALDSGYRGP,1,YYALDSGYRGP,0,11
Positive,1,YYALDSGYRGT,1,YYALDSGYRGT,0,11
Positive,1,YYALDSVYRGA,1,YYALDSVYRGA,0,11
Positive,1,YYALDYGYRGA,4,YYALDYGYRGA,0,11
Positive,1,YYALDYGYSGA,1,YYALDYGYSGA,0,11
Positive,1,YYALESGYRGA,1,YYALESGYRGA,0,11
Positive,1,YYALESGYRGG,1,YYALESGYRGG,0,11
Positive,1,YYALGRLH,2,YYALGRLH,0,8
Positive,1,YYALGSGHAYPY,1,YYALGSGHAYPY,0,12
Positive,1,YYALRWYHRWS,1,YYALRWYHRWS,0,11
Positive,1,YYALYSGYRGA,2,YYALYSGYRGA,0,11
Positive,1,YYAMYLSL,1,YYAMYLSL,0,8
Positive,1,YYAQDSGYRGA,6,YYAQDSGYRGA,0,11
Positive,1,YYASRHYEQE,18,YYASRHYEQE,0,10
Positive,1,YYATPYYY,1,YYATPYYY,0,8
Positive,1,YYATPYYYY,5,YYATPYYYY,0,9
Positive,1,YYDASYGSF,1,YYDASYGSF,0,9
Negative,0,YYDD,243,YYDD,0,4
Negative,0,YYDE,2,YYDE,0,4
Positive,1,YYDHGRLYGY,13,YYDHGRLYGY,0,10
Positive,1,YYDQYK,4,YYDQYK,0,6
Positive,1,YYDRYAYLSILT,9,YYDRYAYLSILT,0,12
Positive,1,YYDSPSEA,1,YYDSPSEA,0,8
Positive,1,YYELDSGYRGA,1,YYELDSGYRGA,0,11
Positive,1,YYEYAPLPNGS,1,YYEYAPLPNGS,0,11
Positive,1,YYEYAPLPVFS,68,YYEYAPLPVFS,0,11
Positive,1,YYEYAPLPVLS,1,YYEYAPLPVLS,0,11
Positive,1,YYEYAPRDSYYVRHRN,1,YYEYAPRDSYYVRHRN,0,16
Positive,1,YYEYAQLPVFS,2,YYEYAQLPVFS,0,11
Positive,1,YYFYYYIN,3,YYFYYYIN,0,8
Positive,1,YYGDGPKKPGG,2,YYGDGPKKPGG,0,11
Positive,1,YYGHSTE,1,YYGHSTE,0,7
Positive,1,YYGMSSS,1,YYGMSSS,0,7
Positive,1,YYGPGD,3,YYGPGD,0,6
Positive,1,YYGQINQP,2,YYGQINQP,0,8
Positive,1,YYGQSYS,1,YYGQSYS,0,7
Positive,1,YYGRLE,1,YYGRLE,0,6
Positive,1,YYGSLNKYNTDLQR,1,YYGSLNKYNTDLQR,0,14
Positive,1,YYHYLGDNG,1,YYHYLGDNG,0,9
Positive,1,YYIAYFSSS,1,YYIAYFSSS,0,9
Positive,1,YYKPSVAYAQDHHK,3,YYKPSVAYAQDHHK,0,14
Positive,1,YYKYSY,1,YYKYSY,0,6
Positive,1,YYKYYRS,3,YYKYYRS,0,7
Positive,1,YYLKGSGYYTSYY,1,YYLKGSGYYTSYY,0,13
Positive,1,YYMPVTTY,2,YYMPVTTY,0,8
Positive,1,YYNLYGLYT,1,YYNLYGLYT,0,9
Positive,1,YYNSGDSGYD,2,YYNSGDSGYD,0,10
Positive,1,YYNYPSSH,1,YYNYPSSH,0,8
Positive,1,YYPLDSGYRGA,1,YYPLDSGYRGA,0,11
Positive,1,YYPVASFY,3,YYPVASFY,0,8
Positive,1,YYQRRYFHSYI,22,YYQRRYFHSYI,0,11
Positive,1,YYQRRYFHSYN,2,YYQRRYFHSYN,0,11
Positive,1,YYRGSASYD,2,YYRGSASYD,0,9
Positive,1,YYRQDYGYP,1,YYRQDYGYP,0,9
Positive,1,YYSDGAYSL,2,YYSDGAYSL,0,9
Positive,1,YYSGGID,2,YYSGGID,0,7
Positive,1,YYSGPTYGLQG,1,YYSGPTYGLQG,0,11
Positive,1,YYSIYMY,2,YYSIYMY,0,7
Positive,1,YYSLDSGYRCA,1,YYSLDSGYRCA,0,11
Positive,1,YYSLDSGYRGA,1,YYSLDSGYRGA,0,11
Positive,1,YYSSDAPD,1,YYSSDAPD,0,8
Positive,1,YYSYSSD,1,YYSYSSD,0,7
Positive,1,YYSYYR,2,YYSYYR,0,6
Positive,1,YYTGYGSYYSK,1,YYTGYGSYYSK,0,11
Positive,1,YYTNFGYAPMGGSP,1,YYTNFGYAPMGGSP,0,14
Positive,1,YYTPSGQ,1,YYTPSGQ,0,7
Positive,1,YYTYYRPPR,12,YYTYYRPPR,0,9
Positive,1,YYYDGGYAYAG,2,YYYDGGYAYAG,0,11
Positive,1,YYYDKGIS,3,YYYDKGIS,0,8
Positive,1,YYYFYLTGA,1,YYYFYLTGA,0,9
Positive,1,YYYLGHSDSDK,2,YYYLGHSDSDK,0,11
Positive,1,YYYLYGLYT,6,YYYLYGLYT,0,9
Positive,1,YYYQAY,1,YYYQAY,0,6
Positive,1,YYYSYVKL,1,YYYSYVKL,0,8
Positive,1,YYYYPDSS,1,YYYYPDSS,0,8
Positive,1,YYYYSHDSGYQ,1,YYYYSHDSGYQ,0,11
Positive,1,YYYYSPDSGYQ,4,YYYYSPDSGYQ,0,11
Positive,1,YYYYSRYD,1,YYYYSRYD,0,8
Positive,1,YYYYTTGL,4,YYYYTTGL,0,8
